Timestamp for sample frequency every 15 min,Temperature (Â°C),Relative Humidity (%)
2024-06-29 08:04:00,25.27,39.8075
2024-06-29 08:19:00,25.69,38.9675
2024-06-29 08:34:00,27.035,36.675
2024-06-29 08:49:00,23.4025,42.5325
2024-06-29 09:04:00,21.915,45.67
2024-06-29 09:19:00,22.89,43.795
2024-06-29 09:34:00,22.9975,42.95
2024-06-29 09:49:00,24.05,41.695
2024-06-29 10:04:00,24.5,40.4325
2024-06-29 10:19:00,26.6775,36.5925
2024-06-29 10:34:00,26.49,35.5725
2024-06-29 10:49:00,27.815,34.27
2024-06-29 11:04:00,28.815,31.4675
2024-06-29 11:19:00,29.625,29.8425
2024-06-29 11:34:00,30.16,30.4225
2024-06-29 11:49:00,31.115,28.5675
2024-06-29 12:04:00,32.02,25.8925
2024-06-29 12:19:00,32.59,24.655
2024-06-29 12:34:00,33.075,24.895
2024-06-29 12:49:00,33.545,22.7125
2024-06-29 13:04:00,33.6125,24.9175
2024-06-29 13:19:00,33.84,25.465
2024-06-29 13:34:00,34.2025,27.1825
2024-06-29 13:49:00,34.2075,27.355
2024-06-29 14:04:00,35.08,25.8525
2024-06-29 14:19:00,35.2375,25.8275
2024-06-29 14:34:00,35.02,24.9575
2024-06-29 14:49:00,35.815,23.1
2024-06-29 15:04:00,35.7225,23.31
2024-06-29 15:19:00,36.1675,23.5825
2024-06-29 15:34:00,34.64,22.31
2024-06-29 15:49:00,34.72,23.115
2024-06-29 16:04:00,34.5025,23.195
2024-06-29 16:19:00,34.4475,24.135
2024-06-29 16:34:00,33.2775,24.2075
2024-06-29 16:49:00,33.535,24.7325
2024-06-29 17:04:00,33.28,25.6875
2024-06-29 17:19:00,32.985,26.2
2024-06-29 17:34:00,32.83,25.1175
2024-06-29 17:49:00,32.12,26.3375
2024-06-29 18:04:00,31.845,28.3775
2024-06-29 18:19:00,31.1525,29.4875
2024-06-29 18:34:00,29.9775,30.365
2024-06-29 18:49:00,28.995,31.735
2024-06-29 19:04:00,28.2225,31.8225
2024-06-29 19:19:00,27.4825,30.9225
2024-06-29 19:34:00,27.285,31.13
2024-06-29 19:49:00,26.185,33.54
2024-06-29 20:04:00,25.0075,37.3175
2024-06-29 20:19:00,24.7175,36.4775
2024-06-29 20:34:00,24.8125,35.605
2024-06-29 20:49:00,24.4925,36.4575
2024-06-29 21:04:00,24.1525,37.49
2024-06-29 21:19:00,23.7875,38.7425
2024-06-29 21:34:00,23.4825,39.555
2024-06-29 21:49:00,23.2975,39.81
2024-06-29 22:04:00,23.2125,39.6625
2024-06-29 22:19:00,23.0975,39.8525
2024-06-29 22:34:00,23.205,39.8775
2024-06-29 22:49:00,22.9175,40.6325
2024-06-29 23:04:00,22.6,41.5025
2024-06-29 23:19:00,22.32,42.1075
2024-06-29 23:34:00,22.1225,42.2825
2024-06-29 23:49:00,21.935,42.9925
2024-06-30 00:04:00,22.225,42.4175
2024-06-30 00:19:00,21.775,43.325
2024-06-30 00:34:00,21.32,44.385
2024-06-30 00:49:00,21.385,44.4225
2024-06-30 01:04:00,20.9975,48.46
2024-06-30 01:19:00,20.94,47.5475
2024-06-30 01:34:00,20.615,49.3625
2024-06-30 01:49:00,20.4225,49.18
2024-06-30 02:04:00,20.26,51.2925
2024-06-30 02:19:00,19.8725,52.56
2024-06-30 02:34:00,19.9575,53.0475
2024-06-30 02:49:00,19.7225,54.2725
2024-06-30 03:04:00,19.55,54.2475
2024-06-30 03:19:00,19.195,55.76
2024-06-30 03:34:00,19.0725,56.335
2024-06-30 03:49:00,18.8475,56.7275
2024-06-30 04:04:00,18.615,58.695
2024-06-30 04:19:00,18.49,59.2775
2024-06-30 04:34:00,18.255,60.7375
2024-06-30 04:49:00,17.9875,61.19
2024-06-30 05:04:00,17.6325,64.3675
2024-06-30 05:19:00,17.47,65.14
2024-06-30 05:34:00,17.3475,64.7825
2024-06-30 05:49:00,17.255,63.2575
2024-06-30 06:04:00,17.295,63.6175
2024-06-30 06:19:00,17.38,64.0125
2024-06-30 06:34:00,17.5025,63.6675
2024-06-30 06:49:00,18.085,63.01
2024-06-30 07:04:00,18.705,61.51
2024-06-30 07:19:00,19.3325,60.13
2024-06-30 07:34:00,20.3475,56.065
2024-06-30 07:49:00,22.43,50.4975
2024-06-30 08:04:00,23.3675,47.3575
2024-06-30 08:19:00,24.7425,44.2875
2024-06-30 08:34:00,26.3775,40.56
2024-06-30 08:49:00,26.7525,36.5475
2024-06-30 09:04:00,27.1875,36.0975
2024-06-30 09:19:00,27.8475,34.59
2024-06-30 09:34:00,28.295,33.2775
2024-06-30 09:49:00,28.5525,33.4625
2024-06-30 10:04:00,29.2375,32.6175
2024-06-30 10:19:00,30.02,31.1125
2024-06-30 10:34:00,30.41,31.7
2024-06-30 10:49:00,30.4525,31.3075
2024-06-30 11:04:00,31.0175,30.27
2024-06-30 11:19:00,31.02,30.325
2024-06-30 11:34:00,31.66,30.0675
2024-06-30 11:49:00,32.1675,29.4975
2024-06-30 12:04:00,32.0575,30.285
2024-06-30 12:19:00,32.4175,31.5525
2024-06-30 12:34:00,32.5475,29.855
2024-06-30 12:49:00,32.54,28.4975
2024-06-30 13:04:00,32.89,28.7625
2024-06-30 13:19:00,33.5225,26.9075
2024-06-30 13:34:00,33.4175,26.7675
2024-06-30 13:49:00,33.1075,25.4125
2024-06-30 14:04:00,33.0775,25.3525
2024-06-30 14:19:00,32.8025,24.7575
2024-06-30 14:34:00,32.935,24.4725
2024-06-30 14:49:00,33.2575,23.9025
2024-06-30 15:04:00,33.045,24.6375
2024-06-30 15:19:00,34.17,24.1275
2024-06-30 15:34:00,33.395,24.115
2024-06-30 15:49:00,33.45,24.8625
2024-06-30 16:04:00,33.18,26.4175
2024-06-30 16:19:00,32.905,27.385
2024-06-30 16:34:00,31.5,30.4375
2024-06-30 16:49:00,32.285,29.03
2024-06-30 17:04:00,32.08,29.1075
2024-06-30 17:19:00,31.825,29.7375
2024-06-30 17:34:00,31.435,30.48
2024-06-30 17:49:00,31.3825,32.185
2024-06-30 18:04:00,31.14,32.7225
2024-06-30 18:19:00,29.9775,33.6575
2024-06-30 18:34:00,29.405,34.175
2024-06-30 18:49:00,28.9625,34.805
2024-06-30 19:04:00,28.88,35.165
2024-06-30 19:19:00,27.515,37.57
2024-06-30 19:34:00,26.2775,39.4325
2024-06-30 19:49:00,24.15,43.47
2024-06-30 20:04:00,23.62,42.9625
2024-06-30 20:19:00,22.745,45.7075
2024-06-30 20:34:00,22.1475,47.255
2024-06-30 20:49:00,21.79,48.0
2024-06-30 21:04:00,21.595,48.41
2024-06-30 21:19:00,21.235,49.2925
2024-06-30 21:34:00,20.9675,50.71
2024-06-30 21:49:00,20.6525,51.665
2024-06-30 22:04:00,20.3125,53.1125
2024-06-30 22:19:00,19.89,54.2075
2024-06-30 22:34:00,19.6325,55.02
2024-06-30 22:49:00,19.3225,56.2675
2024-06-30 23:04:00,19.165,57.21
2024-06-30 23:19:00,19.035,60.1775
2024-06-30 23:34:00,18.815,61.145
2024-06-30 23:49:00,18.4625,63.4725
2024-07-01 00:04:00,18.13,65.5125
2024-07-01 00:19:00,18.01,65.84
2024-07-01 00:34:00,17.96,64.845
2024-07-01 00:49:00,17.6575,65.4075
2024-07-01 01:04:00,17.515,65.8325
2024-07-01 01:19:00,17.5075,65.735
2024-07-01 01:34:00,17.3625,66.24
2024-07-01 01:49:00,17.405,66.2675
2024-07-01 02:04:00,17.35,66.31
2024-07-01 02:19:00,17.475,65.6225
2024-07-01 02:34:00,17.3,66.4175
2024-07-01 02:49:00,17.3475,67.78
2024-07-01 03:04:00,17.195,69.1575
2024-07-01 03:19:00,17.095,68.73
2024-07-01 03:34:00,17.015,67.46
2024-07-01 03:49:00,16.7,67.3425
2024-07-01 04:04:00,16.405,68.695
2024-07-01 04:19:00,16.3,69.335
2024-07-01 04:34:00,16.235,69.6575
2024-07-01 04:49:00,16.2525,70.0575
2024-07-01 05:04:00,16.1475,70.3825
2024-07-01 05:19:00,15.9525,71.2875
2024-07-01 05:34:00,15.9375,71.845
2024-07-01 05:49:00,15.815,72.495
2024-07-01 06:04:00,15.6825,74.29
2024-07-01 06:19:00,15.66,74.315
2024-07-01 06:34:00,15.8525,73.64
2024-07-01 06:49:00,16.62,71.475
2024-07-01 07:04:00,17.055,70.21
2024-07-01 07:19:00,17.62,68.4725
2024-07-01 07:34:00,18.3875,65.9875
2024-07-01 07:49:00,20.755,58.5875
2024-07-01 08:04:00,21.66,55.635
2024-07-01 08:19:00,22.58,51.9225
2024-07-01 08:34:00,23.205,51.1675
2024-07-01 08:49:00,23.7125,50.17
2024-07-01 09:04:00,24.9125,48.15
2024-07-01 09:19:00,24.6575,48.9775
2024-07-01 09:34:00,26.3825,44.715
2024-07-01 09:49:00,26.7775,43.9725
2024-07-01 10:04:00,27.54,43.3775
2024-07-01 10:19:00,29.005,40.32
2024-07-01 10:34:00,29.3675,38.7525
2024-07-01 10:49:00,30.635,36.53
2024-07-01 11:04:00,31.485,35.875
2024-07-01 11:19:00,32.275,33.9375
2024-07-01 11:34:00,32.8775,32.2925
2024-07-01 11:49:00,34.2225,30.5275
2024-07-01 12:04:00,34.5525,28.355
2024-07-01 12:19:00,34.9925,28.0525
2024-07-01 12:34:00,36.04,26.4125
2024-07-01 12:49:00,35.6175,27.0125
2024-07-01 13:04:00,36.015,26.1925
2024-07-01 13:19:00,36.51,25.245
2024-07-01 13:34:00,36.605,25.135
2024-07-01 13:49:00,37.165,25.215
2024-07-01 14:04:00,38.045,23.87
2024-07-01 14:19:00,38.72,21.08
2024-07-01 14:34:00,38.9175,21.9975
2024-07-01 14:49:00,39.095,20.495
2024-07-01 15:04:00,39.865,19.7525
2024-07-01 15:19:00,39.44,20.1825
2024-07-01 15:34:00,39.3775,19.365
2024-07-01 15:49:00,39.9275,19.1775
2024-07-01 16:04:00,39.3,18.525
2024-07-01 16:19:00,39.2925,18.8825
2024-07-01 16:34:00,39.28,18.675
2024-07-01 16:49:00,39.205,19.02
2024-07-01 17:04:00,39.1275,18.7375
2024-07-01 17:19:00,38.7525,18.7625
2024-07-01 17:34:00,38.7475,19.6275
2024-07-01 17:49:00,37.8125,19.8
2024-07-01 18:04:00,37.35,20.7175
2024-07-01 18:19:00,37.2575,19.99
2024-07-01 18:34:00,37.1775,20.345
2024-07-01 18:49:00,36.99,20.735
2024-07-01 19:04:00,36.33,20.8375
2024-07-01 19:19:00,36.4725,19.8125
2024-07-01 19:34:00,34.9025,22.6575
2024-07-01 19:49:00,32.54,24.115
2024-07-01 20:04:00,30.7,25.475
2024-07-01 20:19:00,29.78,26.8375
2024-07-01 20:34:00,29.0325,28.82
2024-07-01 20:49:00,28.3475,28.3375
2024-07-01 21:04:00,27.7525,29.6075
2024-07-01 21:19:00,27.4575,27.4625
2024-07-01 21:34:00,26.875,29.3925
2024-07-01 21:49:00,26.7775,27.33
2024-07-01 22:04:00,26.4075,28.0425
2024-07-01 22:19:00,25.955,30.5675
2024-07-01 22:34:00,25.3475,31.16
2024-07-01 22:49:00,24.835,33.585
2024-07-01 23:04:00,24.3575,35.95
2024-07-01 23:19:00,24.0125,37.22
2024-07-01 23:34:00,23.745,36.9025
2024-07-01 23:49:00,23.505,37.905
2024-07-02 00:04:00,22.9525,39.0725
2024-07-02 00:19:00,22.81,40.23
2024-07-02 00:34:00,22.9,42.8
2024-07-02 00:49:00,22.245,42.8275
2024-07-02 01:04:00,21.735,45.17
2024-07-02 01:19:00,21.4225,46.5725
2024-07-02 01:34:00,21.625,46.9025
2024-07-02 01:49:00,21.465,47.6975
2024-07-02 02:04:00,21.34,48.1025
2024-07-02 02:19:00,20.5825,52.125
2024-07-02 02:34:00,20.15,51.19
2024-07-02 02:49:00,20.23,49.77
2024-07-02 03:04:00,20.4375,49.7625
2024-07-02 03:19:00,20.1125,51.555
2024-07-02 03:34:00,19.9,52.4825
2024-07-02 03:49:00,19.985,52.59
2024-07-02 04:04:00,19.5775,55.1975
2024-07-02 04:19:00,19.365,54.2375
2024-07-02 04:34:00,19.12,55.4775
2024-07-02 04:49:00,19.045,56.505
2024-07-02 05:04:00,18.92,55.5575
2024-07-02 05:19:00,18.795,54.415
2024-07-02 05:34:00,18.505,59.065
2024-07-02 05:49:00,18.0675,60.395
2024-07-02 06:04:00,17.99,57.5425
2024-07-02 06:19:00,18.1275,56.9875
2024-07-02 06:34:00,18.505,56.325
2024-07-02 06:49:00,18.95,56.395
2024-07-02 07:04:00,19.5225,54.6375
2024-07-02 07:19:00,20.1675,56.71
2024-07-02 07:34:00,21.22,54.11
2024-07-02 07:49:00,23.45,48.165
2024-07-02 08:04:00,23.9775,45.2525
2024-07-02 08:19:00,26.35,38.4975
2024-07-02 08:34:00,28.3325,36.3225
2024-07-02 08:49:00,30.9275,33.4775
2024-07-02 09:04:00,32.3575,31.065
2024-07-02 09:19:00,34.2725,25.56
2024-07-02 09:34:00,35.34,23.8875
2024-07-02 09:49:00,35.9175,22.1075
2024-07-02 10:04:00,35.705,21.525
2024-07-02 10:19:00,36.7125,20.265
2024-07-02 10:34:00,36.3425,20.1725
2024-07-02 10:49:00,36.7175,19.6125
2024-07-02 11:04:00,37.4625,19.1375
2024-07-02 11:19:00,37.935,18.53
2024-07-02 11:34:00,38.3825,18.61
2024-07-02 11:49:00,38.18,18.7625
2024-07-02 12:04:00,38.8725,17.9175
2024-07-02 12:19:00,39.4725,17.0
2024-07-02 12:34:00,39.655,16.6625
2024-07-02 12:49:00,39.655,16.535
2024-07-02 13:04:00,40.2125,16.7675
2024-07-02 13:19:00,41.1025,15.555
2024-07-02 13:34:00,40.8725,15.865
2024-07-02 13:49:00,41.78,15.36
2024-07-02 14:04:00,41.3225,16.0775
2024-07-02 14:19:00,42.63,14.8025
2024-07-02 14:34:00,42.08,15.6275
2024-07-02 14:49:00,43.115,14.0075
2024-07-02 15:04:00,42.825,14.2325
2024-07-02 15:19:00,43.3825,13.4175
2024-07-02 15:34:00,42.545,13.8675
2024-07-02 15:49:00,43.6125,13.6525
2024-07-02 16:04:00,43.94,12.6825
2024-07-02 16:19:00,43.65,13.315
2024-07-02 16:34:00,44.06,13.2275
2024-07-02 16:49:00,43.96,13.77
2024-07-02 17:04:00,43.9675,13.66
2024-07-02 17:19:00,43.9475,13.415
2024-07-02 17:34:00,43.5375,14.4275
2024-07-02 17:49:00,42.325,14.79
2024-07-02 18:04:00,42.1625,15.3425
2024-07-02 18:19:00,41.23,15.8075
2024-07-02 18:34:00,40.2425,16.375
2024-07-02 18:49:00,40.05,16.1625
2024-07-02 19:04:00,39.4225,16.2225
2024-07-02 19:19:00,38.7575,16.63
2024-07-02 19:34:00,37.9125,17.2
2024-07-02 19:49:00,36.0225,18.8175
2024-07-02 20:04:00,34.84,19.925
2024-07-02 20:19:00,33.785,19.9725
2024-07-02 20:34:00,32.8625,21.0125
2024-07-02 20:49:00,31.665,22.465
2024-07-02 21:04:00,31.3525,22.7625
2024-07-02 21:19:00,30.4,24.7975
2024-07-02 21:34:00,29.85,25.98
2024-07-02 21:49:00,29.2575,27.0425
2024-07-02 22:04:00,28.5875,27.685
2024-07-02 22:19:00,28.145,26.4875
2024-07-02 22:34:00,27.99,26.69
2024-07-02 22:49:00,27.6125,29.1425
2024-07-02 23:04:00,27.0525,29.12
2024-07-02 23:19:00,26.57,30.445
2024-07-02 23:34:00,26.2025,31.0625
2024-07-02 23:49:00,25.635,33.4625
2024-07-03 00:04:00,25.12,33.455
2024-07-03 00:19:00,24.7275,35.8775
2024-07-03 00:34:00,24.3175,36.8175
2024-07-03 00:49:00,23.91,37.54
2024-07-03 01:04:00,23.5225,37.4175
2024-07-03 01:19:00,23.285,39.4625
2024-07-03 01:34:00,23.0125,41.7275
2024-07-03 01:49:00,22.715,42.61
2024-07-03 02:04:00,22.4275,43.24
2024-07-03 02:19:00,22.105,47.015
2024-07-03 02:34:00,21.6625,48.0875
2024-07-03 02:49:00,21.485,46.385
2024-07-03 03:04:00,21.035,49.065
2024-07-03 03:19:00,20.85,46.3575
2024-07-03 03:34:00,20.7925,45.3875
2024-07-03 03:49:00,21.01,44.8625
2024-07-03 04:04:00,20.6925,47.0975
2024-07-03 04:19:00,20.515,48.335
2024-07-03 04:34:00,20.065,50.255
2024-07-03 04:49:00,19.9275,49.695
2024-07-03 05:04:00,19.6875,50.46
2024-07-03 05:19:00,19.51,53.6475
2024-07-03 05:34:00,19.66,53.805
2024-07-03 05:49:00,19.4625,55.6875
2024-07-03 06:04:00,19.41,55.005
2024-07-03 06:19:00,19.575,55.4875
2024-07-03 06:34:00,19.84,53.7475
2024-07-03 06:49:00,20.38,50.1275
2024-07-03 07:04:00,21.5375,49.4925
2024-07-03 07:19:00,22.57,46.6925
2024-07-03 07:34:00,25.5975,33.6
2024-07-03 07:49:00,29.06,28.4375
2024-07-03 08:04:00,30.535,27.105
2024-07-03 08:19:00,32.205,23.7825
2024-07-03 08:34:00,33.775,19.85
2024-07-03 08:49:00,34.805,18.5225
2024-07-03 09:04:00,35.5725,18.73
2024-07-03 09:19:00,36.0875,17.13
2024-07-03 09:34:00,37.14,16.8325
2024-07-03 09:49:00,37.305,16.6
2024-07-03 10:04:00,36.795,17.395
2024-07-03 10:19:00,37.235,17.24
2024-07-03 10:34:00,37.2575,18.11
2024-07-03 10:49:00,37.995,16.6175
2024-07-03 11:04:00,38.7075,15.915
2024-07-03 11:19:00,39.0025,15.745
2024-07-03 11:34:00,39.18,15.0075
2024-07-03 11:49:00,39.8,14.61
2024-07-03 12:04:00,39.695,14.7
2024-07-03 12:19:00,40.53,13.9875
2024-07-03 12:34:00,40.8625,14.39
2024-07-03 12:49:00,41.29,13.74
2024-07-03 13:04:00,41.75,12.71
2024-07-03 13:19:00,41.9025,12.9525
2024-07-03 13:34:00,42.795,13.26
2024-07-03 13:49:00,42.7475,12.31
2024-07-03 14:04:00,42.45,12.29
2024-07-03 14:19:00,43.51,12.3575
2024-07-03 14:34:00,43.505,12.26
2024-07-03 14:49:00,44.0225,11.9875
2024-07-03 15:04:00,43.925,11.9475
2024-07-03 15:19:00,44.6225,11.82
2024-07-03 15:34:00,45.1125,11.8525
2024-07-03 15:49:00,44.3325,11.485
2024-07-03 16:04:00,44.96,11.095
2024-07-03 16:19:00,45.3525,11.33
2024-07-03 16:34:00,45.935,12.0175
2024-07-03 16:49:00,44.4875,12.89
2024-07-03 17:04:00,44.635,12.9025
2024-07-03 17:19:00,44.38,12.9375
2024-07-03 17:34:00,43.58,13.3075
2024-07-03 17:49:00,43.5525,13.525
2024-07-03 18:04:00,43.38,13.92
2024-07-03 18:19:00,42.72,14.2475
2024-07-03 18:34:00,42.17,14.7825
2024-07-03 18:49:00,41.5875,15.535
2024-07-03 19:04:00,40.715,15.875
2024-07-03 19:19:00,38.97,16.965
2024-07-03 19:34:00,37.6525,18.3975
2024-07-03 19:49:00,36.135,20.6275
2024-07-03 20:04:00,35.1875,21.2625
2024-07-03 20:19:00,33.9775,21.9375
2024-07-03 20:34:00,33.1125,23.055
2024-07-03 20:49:00,32.4075,23.535
2024-07-03 21:04:00,31.79,24.475
2024-07-03 21:19:00,31.175,25.045
2024-07-03 21:34:00,30.5125,25.835
2024-07-03 21:49:00,29.95,27.085
2024-07-03 22:04:00,29.2375,29.96
2024-07-03 22:19:00,28.5575,34.76
2024-07-03 22:34:00,28.215,32.9825
2024-07-03 22:49:00,27.905,32.04
2024-07-03 23:04:00,27.4325,33.8375
2024-07-03 23:19:00,26.955,35.2175
2024-07-03 23:34:00,26.6775,34.9775
2024-07-03 23:49:00,26.265,35.6075
2024-07-04 00:04:00,25.9225,37.6625
2024-07-04 00:19:00,25.4,39.2
2024-07-04 00:34:00,25.1925,38.94
2024-07-04 00:49:00,24.935,40.0125
2024-07-04 01:04:00,24.8375,39.9175
2024-07-04 01:19:00,24.6625,40.875
2024-07-04 01:34:00,24.365,41.51
2024-07-04 01:49:00,24.045,43.125
2024-07-04 02:04:00,23.8275,44.2375
2024-07-04 02:19:00,23.2525,48.935
2024-07-04 02:34:00,22.7825,46.9175
2024-07-04 02:49:00,22.4525,46.785
2024-07-04 03:04:00,22.1775,47.915
2024-07-04 03:19:00,22.1225,48.735
2024-07-04 03:34:00,21.935,49.9975
2024-07-04 03:49:00,21.7,51.8975
2024-07-04 04:04:00,21.3025,54.93
2024-07-04 04:19:00,21.0575,55.245
2024-07-04 04:34:00,20.995,55.88
2024-07-04 04:49:00,20.985,55.5025
2024-07-04 05:04:00,20.655,57.335
2024-07-04 05:19:00,20.4925,57.41
2024-07-04 05:34:00,20.3,58.34
2024-07-04 05:49:00,20.075,59.4125
2024-07-04 06:04:00,20.085,59.8625
2024-07-04 06:19:00,20.0375,61.2775
2024-07-04 06:34:00,20.155,61.0175
2024-07-04 06:49:00,20.69,58.6575
2024-07-04 07:04:00,21.1725,57.1425
2024-07-04 07:19:00,21.7475,57.13
2024-07-04 07:34:00,22.4425,54.07
2024-07-04 07:49:00,25.0325,46.575
2024-07-04 08:04:00,26.9575,43.095
2024-07-04 08:19:00,26.6925,42.245
2024-07-04 08:34:00,26.6025,41.475
2024-07-04 08:49:00,28.765,38.1425
2024-07-04 09:04:00,30.4875,35.5275
2024-07-04 09:19:00,30.395,34.2125
2024-07-04 09:34:00,31.3825,32.28
2024-07-04 09:49:00,32.1675,32.12
2024-07-04 10:04:00,32.165,32.825
2024-07-04 10:19:00,32.8125,31.2675
2024-07-04 10:34:00,33.8125,30.16
2024-07-04 10:49:00,34.4525,28.965
2024-07-04 11:04:00,35.145,27.8975
2024-07-04 11:19:00,36.0225,25.96
2024-07-04 11:34:00,35.96,27.205
2024-07-04 11:49:00,36.8775,25.7075
2024-07-04 12:04:00,37.435,26.1975
2024-07-04 12:19:00,38.0375,23.5175
2024-07-04 12:34:00,37.92,21.78
2024-07-04 12:49:00,38.6075,21.7975
2024-07-04 13:04:00,39.16,21.4625
2024-07-04 13:19:00,39.3675,20.3875
2024-07-04 13:34:00,40.0175,18.5775
2024-07-04 13:49:00,40.2325,17.8125
2024-07-04 14:04:00,40.4475,17.9925
2024-07-04 14:19:00,40.7775,17.9525
2024-07-04 14:34:00,41.16,17.0125
2024-07-04 14:49:00,41.1975,17.755
2024-07-04 15:04:00,41.5,17.7625
2024-07-04 15:19:00,41.24,17.6775
2024-07-04 15:34:00,41.3,17.8425
2024-07-04 15:49:00,40.5525,18.44
2024-07-04 16:04:00,40.3625,17.7075
2024-07-04 16:19:00,40.2425,17.3775
2024-07-04 16:34:00,39.1625,17.9425
2024-07-04 16:49:00,39.015,17.5625
2024-07-04 17:04:00,38.595,18.1025
2024-07-04 17:19:00,38.1,19.35
2024-07-04 17:34:00,38.02,19.37
2024-07-04 17:49:00,37.8775,19.0275
2024-07-04 18:04:00,37.585,19.02
2024-07-04 18:19:00,37.4,20.26
2024-07-04 18:34:00,36.595,21.0825
2024-07-04 18:49:00,35.83,21.5975
2024-07-04 19:04:00,35.9925,21.6525
2024-07-04 19:19:00,35.045,22.4475
2024-07-04 19:34:00,34.5325,23.075
2024-07-04 19:49:00,32.6425,24.7575
2024-07-04 20:04:00,31.6775,25.8175
2024-07-04 20:19:00,30.7775,26.9125
2024-07-04 20:34:00,30.2275,27.17
2024-07-04 20:49:00,29.305,27.65
2024-07-04 21:04:00,28.42,28.82
2024-07-04 21:19:00,28.0075,29.6275
2024-07-04 21:34:00,27.365,29.75
2024-07-04 21:49:00,26.9025,31.25
2024-07-04 22:04:00,26.5575,32.095
2024-07-04 22:19:00,26.01,31.7425
2024-07-04 22:34:00,25.63,31.54
2024-07-04 22:49:00,25.24,32.4725
2024-07-04 23:04:00,24.805,33.7275
2024-07-04 23:19:00,24.2625,33.6875
2024-07-04 23:34:00,23.985,34.815
2024-07-04 23:49:00,23.665,35.39
2024-07-05 00:04:00,23.2625,36.465
2024-07-05 00:19:00,23.12,36.645
2024-07-05 00:34:00,22.6025,39.085
2024-07-05 00:49:00,22.0525,45.5675
2024-07-05 01:04:00,21.3075,45.95
2024-07-05 01:19:00,21.1225,44.125
2024-07-05 01:34:00,20.91,42.845
2024-07-05 01:49:00,20.6575,44.945
2024-07-05 02:04:00,20.32,45.735
2024-07-05 02:19:00,19.985,47.625
2024-07-05 02:34:00,19.5625,49.6575
2024-07-05 02:49:00,19.53,48.5675
2024-07-05 03:04:00,19.55,49.3625
2024-07-05 03:19:00,18.8575,52.5075
2024-07-05 03:34:00,18.4425,55.4825
2024-07-05 03:49:00,18.325,57.405
2024-07-05 04:04:00,18.1175,55.805
2024-07-05 04:19:00,17.9825,53.9925
2024-07-05 04:34:00,18.1275,53.83
2024-07-05 04:49:00,18.025,54.9025
2024-07-05 05:04:00,17.7725,58.575
2024-07-05 05:19:00,17.47,61.325
2024-07-05 05:34:00,17.17,63.2275
2024-07-05 05:49:00,17.0325,60.625
2024-07-05 06:04:00,17.0075,58.945
2024-07-05 06:19:00,17.17,57.3175
2024-07-05 06:34:00,17.3575,60.1525
2024-07-05 06:49:00,17.6725,60.1375
2024-07-05 07:04:00,18.2525,55.135
2024-07-05 07:19:00,19.05,52.74
2024-07-05 07:34:00,20.295,48.8525
2024-07-05 07:49:00,23.025,42.47
2024-07-05 08:04:00,25.035,38.29
2024-07-05 08:19:00,25.5225,36.1275
2024-07-05 08:34:00,25.69,36.4875
2024-07-05 08:49:00,25.9075,37.2775
2024-07-05 09:04:00,26.6,37.0525
2024-07-05 09:19:00,28.075,35.7175
2024-07-05 09:34:00,28.7975,34.7225
2024-07-05 09:49:00,29.855,32.8625
2024-07-05 10:04:00,30.7125,31.2
2024-07-05 10:19:00,31.3825,30.6175
2024-07-05 10:34:00,33.075,28.5325
2024-07-05 10:49:00,34.005,27.5575
2024-07-05 11:04:00,34.1825,27.205
2024-07-05 11:19:00,35.4675,25.135
2024-07-05 11:34:00,35.895,24.72
2024-07-05 11:49:00,36.7875,23.3375
2024-07-05 12:04:00,37.7925,21.9925
2024-07-05 12:19:00,38.2725,21.635
2024-07-05 12:34:00,38.9225,21.28
2024-07-05 12:49:00,39.725,21.6775
2024-07-05 13:04:00,40.0375,20.9675
2024-07-05 13:19:00,40.7275,20.265
2024-07-05 13:34:00,41.3425,19.8125
2024-07-05 13:49:00,41.5075,19.615
2024-07-05 14:04:00,42.285,18.9575
2024-07-05 14:19:00,42.5975,18.3925
2024-07-05 14:34:00,42.9275,18.66
2024-07-05 14:49:00,43.1425,18.0025
2024-07-05 15:04:00,43.3525,18.335
2024-07-05 15:19:00,44.135,17.4375
2024-07-05 15:34:00,44.355,16.2625
2024-07-05 15:49:00,44.2425,16.77
2024-07-05 16:04:00,44.33,16.1875
2024-07-05 16:19:00,44.3,16.1375
2024-07-05 16:34:00,44.275,16.435
2024-07-05 16:49:00,43.5475,16.7575
2024-07-05 17:04:00,44.02,15.9475
2024-07-05 17:19:00,43.51,16.7675
2024-07-05 17:34:00,42.6625,17.77
2024-07-05 17:49:00,42.4325,18.24
2024-07-05 18:04:00,41.745,17.4325
2024-07-05 18:19:00,41.21,18.29
2024-07-05 18:34:00,41.385,17.535
2024-07-05 18:49:00,39.33,20.655
2024-07-05 19:04:00,38.285,21.9675
2024-07-05 19:19:00,36.4025,23.665
2024-07-05 19:34:00,35.36,24.445
2024-07-05 19:49:00,33.6625,25.245
2024-07-05 20:04:00,32.0575,26.9575
2024-07-05 20:19:00,31.185,28.78
2024-07-05 20:34:00,30.5325,30.0275
2024-07-05 20:49:00,29.545,31.205
2024-07-05 21:04:00,28.7575,31.2575
2024-07-05 21:19:00,28.1775,31.7425
2024-07-05 21:34:00,27.4525,33.5225
2024-07-05 21:49:00,27.34,34.5225
2024-07-05 22:04:00,27.0,34.075
2024-07-05 22:19:00,26.73,34.1225
2024-07-05 22:34:00,26.2975,31.9525
2024-07-05 22:49:00,25.9925,32.055
2024-07-05 23:04:00,25.73,32.285
2024-07-05 23:19:00,25.5025,32.95
2024-07-05 23:34:00,24.9725,35.7025
2024-07-05 23:49:00,24.69,35.29
2024-07-06 00:04:00,24.325,36.0975
2024-07-06 00:19:00,23.975,39.6425
2024-07-06 00:34:00,23.5675,45.2275
2024-07-06 00:49:00,23.4725,45.905
2024-07-06 01:04:00,23.0275,47.2225
2024-07-06 01:19:00,22.71,49.105
2024-07-06 01:34:00,22.265,50.0875
2024-07-06 01:49:00,22.09,50.33
2024-07-06 02:04:00,21.75,50.3925
2024-07-06 02:19:00,21.4325,51.5125
2024-07-06 02:34:00,21.17,52.99
2024-07-06 02:49:00,20.9725,54.08
2024-07-06 03:04:00,20.89,53.565
2024-07-06 03:19:00,20.7325,52.035
2024-07-06 03:34:00,20.28,53.105
2024-07-06 03:49:00,20.065,53.755
2024-07-06 04:04:00,19.875,55.1325
2024-07-06 04:19:00,19.595,56.53
2024-07-06 04:34:00,19.3325,57.965
2024-07-06 04:49:00,19.06,59.6625
2024-07-06 05:04:00,18.86,60.9325
2024-07-06 05:19:00,18.665,61.9
2024-07-06 05:34:00,18.5325,62.7625
2024-07-06 05:49:00,18.5175,63.3475
2024-07-06 06:04:00,18.455,65.875
2024-07-06 06:19:00,18.555,64.425
2024-07-06 06:34:00,18.7675,65.8025
2024-07-06 06:49:00,19.105,63.755
2024-07-06 07:04:00,19.5125,62.69
2024-07-06 07:19:00,20.0375,59.82
2024-07-06 07:34:00,20.93,56.3125
2024-07-06 07:49:00,22.88,51.91
2024-07-06 08:04:00,23.5025,50.625
2024-07-06 08:19:00,24.7375,48.365
2024-07-06 08:34:00,25.775,45.825
2024-07-06 08:49:00,26.48,44.1575
2024-07-06 09:04:00,28.3675,40.4125
2024-07-06 09:19:00,28.3275,41.7075
2024-07-06 09:34:00,28.99,40.28
2024-07-06 09:49:00,29.5025,39.385
2024-07-06 10:04:00,30.3475,36.9625
2024-07-06 10:19:00,31.0725,34.63
2024-07-06 10:34:00,32.05,31.7925
2024-07-06 10:49:00,33.1775,30.5475
2024-07-06 11:04:00,35.0325,28.52
2024-07-06 11:19:00,35.8725,27.735
2024-07-06 11:34:00,36.455,26.0125
2024-07-06 11:49:00,38.08,23.3075
2024-07-06 12:04:00,38.85,22.6025
2024-07-06 12:19:00,39.265,21.8525
2024-07-06 12:34:00,40.6,20.855
2024-07-06 12:49:00,41.76,20.19
2024-07-06 13:04:00,41.825,20.12
2024-07-06 13:19:00,42.2175,19.38
2024-07-06 13:34:00,42.2975,19.3075
2024-07-06 13:49:00,43.2325,18.11
2024-07-06 14:04:00,44.31,17.8675
2024-07-06 14:19:00,44.9575,16.865
2024-07-06 14:34:00,45.1225,16.7025
2024-07-06 14:49:00,45.9775,16.4075
2024-07-06 15:04:00,45.3775,19.745
2024-07-06 15:19:00,45.9525,18.69
2024-07-06 15:34:00,46.2925,17.24
2024-07-06 15:49:00,46.1425,17.4675
2024-07-06 16:04:00,45.975,18.3525
2024-07-06 16:19:00,46.0525,19.0275
2024-07-06 16:34:00,45.4125,19.575
2024-07-06 16:49:00,44.1775,20.545
2024-07-06 17:04:00,43.93,21.16
2024-07-06 17:19:00,42.9775,21.65
2024-07-06 17:34:00,42.3475,22.215
2024-07-06 17:49:00,41.4975,23.0725
2024-07-06 18:04:00,40.4,23.105
2024-07-06 18:19:00,40.44,22.5225
2024-07-06 18:34:00,40.0225,22.2825
2024-07-06 18:49:00,39.355,22.085
2024-07-06 19:04:00,39.8225,21.91
2024-07-06 19:19:00,39.28,22.035
2024-07-06 19:34:00,38.32,22.1025
2024-07-06 19:49:00,36.0925,23.975
2024-07-06 20:04:00,34.2325,25.7075
2024-07-06 20:19:00,33.165,27.215
2024-07-06 20:34:00,31.9375,30.25
2024-07-06 20:49:00,31.0875,30.9075
2024-07-06 21:04:00,30.4875,30.765
2024-07-06 21:19:00,30.005,30.3425
2024-07-06 21:34:00,29.6525,30.2525
2024-07-06 21:49:00,29.245,30.645
2024-07-06 22:04:00,29.3025,29.8675
2024-07-06 22:19:00,29.2825,28.6925
2024-07-06 22:34:00,29.32,31.72
2024-07-06 22:49:00,28.055,37.9925
2024-07-06 23:04:00,27.3625,38.6025
2024-07-06 23:19:00,26.7675,38.925
2024-07-06 23:34:00,26.2125,40.2725
2024-07-06 23:49:00,25.795,41.3175
2024-07-07 00:04:00,25.4625,42.315
2024-07-07 00:19:00,25.16,42.0325
2024-07-07 00:34:00,24.8025,43.0825
2024-07-07 00:49:00,24.54,43.86
2024-07-07 01:04:00,24.395,44.8075
2024-07-07 01:19:00,24.0875,47.44
2024-07-07 01:34:00,23.365,47.8725
2024-07-07 01:49:00,23.18,48.475
2024-07-07 02:04:00,22.8875,49.7375
2024-07-07 02:19:00,22.6275,50.6825
2024-07-07 02:34:00,22.4475,51.2825
2024-07-07 02:49:00,22.49,50.2
2024-07-07 03:04:00,22.2675,52.6575
2024-07-07 03:19:00,21.8375,56.695
2024-07-07 03:34:00,21.485,58.8025
2024-07-07 03:49:00,21.1125,61.4775
2024-07-07 04:04:00,20.87,62.8575
2024-07-07 04:19:00,20.6525,64.755
2024-07-07 04:34:00,20.535,65.56
2024-07-07 04:49:00,20.3425,65.5875
2024-07-07 05:04:00,20.1325,66.15
2024-07-07 05:19:00,19.8575,67.01
2024-07-07 05:34:00,19.7075,67.3725
2024-07-07 05:49:00,19.53,68.13
2024-07-07 06:04:00,19.4,71.08
2024-07-07 06:19:00,19.29,69.0025
2024-07-07 06:34:00,19.4625,69.6
2024-07-07 06:49:00,19.7125,68.12
2024-07-07 07:04:00,20.005,67.905
2024-07-07 07:19:00,20.5775,66.2575
2024-07-07 07:34:00,21.1375,65.1325
2024-07-07 07:49:00,22.43,60.8175
2024-07-07 08:04:00,23.1825,58.0825
2024-07-07 08:19:00,23.975,55.8325
2024-07-07 08:34:00,24.985,53.3475
2024-07-07 08:49:00,25.4925,51.5175
2024-07-07 09:04:00,26.05,50.0375
2024-07-07 09:19:00,26.27,49.055
2024-07-07 09:34:00,27.1725,46.0025
2024-07-07 09:49:00,28.915,41.7125
2024-07-07 10:04:00,29.3725,40.4325
2024-07-07 10:19:00,30.3725,38.42
2024-07-07 10:34:00,30.1425,38.8625
2024-07-07 10:49:00,31.5425,36.485
2024-07-07 11:04:00,31.5075,36.82
2024-07-07 11:19:00,32.195,35.025
2024-07-07 11:34:00,33.1975,33.5175
2024-07-07 11:49:00,35.0725,28.92
2024-07-07 12:04:00,35.235,29.89
2024-07-07 12:19:00,35.1475,28.62
2024-07-07 12:34:00,36.7225,28.5525
2024-07-07 12:49:00,37.46,27.7575
2024-07-07 13:04:00,37.5425,27.6625
2024-07-07 13:19:00,37.995,20.565
2024-07-07 13:34:00,38.2875,25.825
2024-07-07 13:49:00,39.255,23.2925
2024-07-07 14:04:00,39.06,25.3325
2024-07-07 14:19:00,39.485,21.3075
2024-07-07 14:34:00,40.35,18.6425
2024-07-07 14:49:00,40.44,19.8625
2024-07-07 15:04:00,40.105,18.665
2024-07-07 15:19:00,39.595,18.535
2024-07-07 15:34:00,39.0725,18.6175
2024-07-07 15:49:00,38.7625,18.2275
2024-07-07 16:04:00,37.7925,18.07
2024-07-07 16:19:00,38.87,18.6175
2024-07-07 16:34:00,38.935,23.8025
2024-07-07 16:49:00,38.415,23.6475
2024-07-07 17:04:00,36.655,25.1525
2024-07-07 17:19:00,36.4775,25.0225
2024-07-07 17:34:00,36.1825,25.75
2024-07-07 17:49:00,36.0225,26.3225
2024-07-07 18:04:00,35.8225,26.535
2024-07-07 18:19:00,35.185,26.8825
2024-07-07 18:34:00,35.1475,27.0025
2024-07-07 18:49:00,34.39,28.1075
2024-07-07 19:04:00,34.915,26.0
2024-07-07 19:19:00,33.845,28.9625
2024-07-07 19:34:00,32.605,30.535
2024-07-07 19:49:00,29.785,35.2825
2024-07-07 20:04:00,28.5425,36.71
2024-07-07 20:19:00,27.1375,40.645
2024-07-07 20:34:00,25.9175,43.3
2024-07-07 20:49:00,25.095,44.4325
2024-07-07 21:04:00,24.33,46.1125
2024-07-07 21:19:00,23.8575,48.1925
2024-07-07 21:34:00,23.29,49.3475
2024-07-07 21:49:00,22.81,50.4825
2024-07-07 22:04:00,22.5025,52.0325
2024-07-07 22:19:00,22.3625,52.5
2024-07-07 22:34:00,22.0725,53.31
2024-07-07 22:49:00,21.8375,53.56
2024-07-07 23:04:00,21.665,54.3325
2024-07-07 23:19:00,21.49,54.3825
2024-07-07 23:34:00,21.3425,54.9475
2024-07-07 23:49:00,21.0425,55.8
2024-07-08 00:04:00,20.81,56.9625
2024-07-08 00:19:00,20.5825,57.6425
2024-07-08 00:34:00,20.305,58.835
2024-07-08 00:49:00,19.655,61.3225
2024-07-08 01:04:00,19.32,63.4125
2024-07-08 01:19:00,19.135,64.425
2024-07-08 01:34:00,18.7425,66.9025
2024-07-08 01:49:00,18.74,66.995
2024-07-08 02:04:00,18.52,68.2325
2024-07-08 02:19:00,18.0675,70.2525
2024-07-08 02:34:00,17.8325,71.3325
2024-07-08 02:49:00,17.725,71.935
2024-07-08 03:04:00,17.575,71.96
2024-07-08 03:19:00,17.2825,73.01
2024-07-08 03:34:00,16.785,75.155
2024-07-08 03:49:00,16.545,75.46
2024-07-08 04:04:00,16.645,75.34
2024-07-08 04:19:00,16.225,76.625
2024-07-08 04:34:00,16.0225,78.15
2024-07-08 04:49:00,15.7875,80.5225
2024-07-08 05:04:00,16.0625,79.465
2024-07-08 05:19:00,15.985,81.09
2024-07-08 05:34:00,15.92,81.6925
2024-07-08 05:49:00,15.7525,82.635
2024-07-08 06:04:00,15.87,82.485
2024-07-08 06:19:00,16.0225,81.475
2024-07-08 06:34:00,16.0625,80.6425
2024-07-08 06:49:00,16.1375,81.0575
2024-07-08 07:04:00,16.3875,80.6075
2024-07-08 07:19:00,16.775,79.0175
2024-07-08 07:34:00,17.2025,77.92
2024-07-08 07:49:00,18.7775,71.8
2024-07-08 08:04:00,19.6825,68.2825
2024-07-08 08:19:00,20.1875,66.8975
2024-07-08 08:34:00,20.8175,63.955
2024-07-08 08:49:00,21.615,61.675
2024-07-08 09:04:00,21.9,60.75
2024-07-08 09:19:00,22.7725,57.42
2024-07-08 09:34:00,24.54,51.9725
2024-07-08 09:49:00,24.2575,51.8675
2024-07-08 10:04:00,24.645,51.3875
2024-07-08 10:19:00,26.035,48.1825
2024-07-08 10:34:00,26.9175,46.3775
2024-07-08 10:49:00,27.57,44.6725
2024-07-08 11:04:00,28.79,42.265
2024-07-08 11:19:00,29.5775,40.6975
2024-07-08 11:34:00,30.0875,39.7625
2024-07-08 11:49:00,30.6375,38.07
2024-07-08 12:04:00,31.6625,36.335
2024-07-08 12:19:00,33.075,33.795
2024-07-08 12:34:00,32.825,34.695
2024-07-08 12:49:00,33.3625,33.315
2024-07-08 13:04:00,33.815,33.2475
2024-07-08 13:19:00,34.9075,31.805
2024-07-08 13:34:00,34.235,32.185
2024-07-08 13:49:00,35.44,31.0925
2024-07-08 14:04:00,36.34,29.515
2024-07-08 14:19:00,36.75,29.4325
2024-07-08 14:34:00,36.5675,29.23
2024-07-08 14:49:00,37.5025,28.2725
2024-07-08 15:04:00,36.5875,27.8875
2024-07-08 15:19:00,37.305,26.4875
2024-07-08 15:34:00,37.165,27.6625
2024-07-08 15:49:00,38.34,26.605
2024-07-08 16:04:00,37.5,27.35
2024-07-08 16:19:00,37.01,28.805
2024-07-08 16:34:00,36.9525,28.53
2024-07-08 16:49:00,35.515,29.3575
2024-07-08 17:04:00,35.475,29.0675
2024-07-08 17:19:00,36.05,27.7975
2024-07-08 17:34:00,35.425,26.26
2024-07-08 17:49:00,34.875,24.5
2024-07-08 18:04:00,34.77,27.47
2024-07-08 18:19:00,34.9925,26.4525
2024-07-08 18:34:00,34.1425,26.4625
2024-07-08 18:49:00,32.0025,30.5475
2024-07-08 19:04:00,30.9675,32.05
2024-07-08 19:19:00,31.7025,31.315
2024-07-08 19:34:00,31.3275,32.035
2024-07-08 19:49:00,29.2875,36.98
2024-07-08 20:04:00,28.3525,39.31
2024-07-08 20:19:00,27.025,41.36
2024-07-08 20:34:00,26.1375,43.56
2024-07-08 20:49:00,25.165,45.1525
2024-07-08 21:04:00,25.025,45.6975
2024-07-08 21:19:00,23.6125,47.4525
2024-07-08 21:34:00,22.7825,49.3725
2024-07-08 21:49:00,21.7375,51.0725
2024-07-08 22:04:00,20.82,53.055
2024-07-08 22:19:00,20.375,54.9725
2024-07-08 22:34:00,19.8775,56.81
2024-07-08 22:49:00,19.2325,58.0925
2024-07-08 23:04:00,18.6325,61.1025
2024-07-08 23:19:00,18.2975,62.095
2024-07-08 23:34:00,18.015,63.345
2024-07-08 23:49:00,17.72,64.26
2024-07-09 00:04:00,17.5425,64.75
2024-07-09 00:19:00,17.48,65.6
2024-07-09 00:34:00,17.595,64.4525
2024-07-09 00:49:00,17.66,64.7225
2024-07-09 01:04:00,17.575,65.6875
2024-07-09 01:19:00,17.4325,66.1775
2024-07-09 01:34:00,16.97,68.89
2024-07-09 01:49:00,16.795,70.1525
2024-07-09 02:04:00,16.665,71.805
2024-07-09 02:19:00,16.7225,72.35
2024-07-09 02:34:00,16.6675,71.695
2024-07-09 02:49:00,16.615,72.09
2024-07-09 03:04:00,16.5475,73.9275
2024-07-09 03:19:00,16.4325,74.3325
2024-07-09 03:34:00,16.23,75.3775
2024-07-09 03:49:00,16.245,76.1275
2024-07-09 04:04:00,16.2075,76.7525
2024-07-09 04:19:00,16.1125,78.2975
2024-07-09 04:34:00,16.23,78.845
2024-07-09 04:49:00,16.34,78.05
2024-07-09 05:04:00,16.1425,78.24
2024-07-09 05:19:00,15.9525,78.6475
2024-07-09 05:34:00,15.925,78.835
2024-07-09 05:49:00,15.9125,78.15
2024-07-09 06:04:00,15.8275,78.1475
2024-07-09 06:19:00,15.7875,78.145
2024-07-09 06:34:00,15.9175,77.825
2024-07-09 06:49:00,16.175,77.4325
2024-07-09 07:04:00,16.4425,76.41
2024-07-09 07:19:00,16.77,74.6675
2024-07-09 07:34:00,17.2,73.5475
2024-07-09 07:49:00,19.315,66.6225
2024-07-09 08:04:00,20.3775,62.16
2024-07-09 08:19:00,20.1125,62.785
2024-07-09 08:34:00,22.0175,57.305
2024-07-09 08:49:00,22.385,56.1475
2024-07-09 09:04:00,22.92,54.2875
2024-07-09 09:19:00,23.4025,53.2825
2024-07-09 09:34:00,23.54,52.3375
2024-07-09 09:49:00,24.19,50.9925
2024-07-09 10:04:00,25.18,48.9925
2024-07-09 10:19:00,25.7475,47.0375
2024-07-09 10:34:00,25.9275,45.715
2024-07-09 10:49:00,26.305,44.555
2024-07-09 11:04:00,28.25,41.21
2024-07-09 11:19:00,27.7925,41.93
2024-07-09 11:34:00,28.6975,40.6175
2024-07-09 11:49:00,29.02,40.155
2024-07-09 12:04:00,29.745,37.9525
2024-07-09 12:19:00,30.095,38.1475
2024-07-09 12:34:00,30.93,36.7775
2024-07-09 12:49:00,31.61,34.5
2024-07-09 13:04:00,32.4325,33.1725
2024-07-09 13:19:00,32.595,32.75
2024-07-09 13:34:00,33.1425,32.915
2024-07-09 13:49:00,33.3975,32.96
2024-07-09 14:04:00,33.745,32.0
2024-07-09 14:19:00,33.925,31.7325
2024-07-09 14:34:00,34.745,31.7525
2024-07-09 14:49:00,35.2675,31.1625
2024-07-09 15:04:00,35.0,31.355
2024-07-09 15:19:00,34.575,32.5375
2024-07-09 15:34:00,34.85,32.4575
2024-07-09 15:49:00,33.9475,33.43
2024-07-09 16:04:00,33.415,34.455
2024-07-09 16:19:00,34.18,33.545
2024-07-09 16:34:00,34.83,32.49
2024-07-09 16:49:00,33.41,34.56
2024-07-09 17:04:00,33.595,34.4275
2024-07-09 17:19:00,33.06,35.2975
2024-07-09 17:34:00,32.4,35.9075
2024-07-09 17:49:00,31.535,37.885
2024-07-09 18:04:00,30.9725,38.3475
2024-07-09 18:19:00,30.2275,39.86
2024-07-09 18:34:00,29.1475,41.09
2024-07-09 18:49:00,28.7525,41.7525
2024-07-09 19:04:00,27.85,43.8025
2024-07-09 19:19:00,26.2125,47.375
2024-07-09 19:34:00,25.7975,48.3275
2024-07-09 19:49:00,23.8925,53.5
2024-07-09 20:04:00,23.0425,55.4775
2024-07-09 20:19:00,22.1275,58.175
2024-07-09 20:34:00,21.135,60.13
2024-07-09 20:49:00,20.3775,62.455
2024-07-09 21:04:00,19.7375,64.7175
2024-07-09 21:19:00,19.435,66.2475
2024-07-09 21:34:00,18.85,68.445
2024-07-09 21:49:00,18.595,69.9525
2024-07-09 22:04:00,18.3325,70.8675
2024-07-09 22:19:00,18.0525,71.8525
2024-07-09 22:34:00,17.745,72.8175
2024-07-09 22:49:00,17.605,73.72
2024-07-09 23:04:00,17.3175,75.0225
2024-07-09 23:19:00,17.3675,74.995
2024-07-09 23:34:00,17.0025,75.96
2024-07-09 23:49:00,16.8325,76.6475
2024-07-10 00:04:00,16.6775,77.0025
2024-07-10 00:19:00,16.465,77.59
2024-07-10 00:34:00,16.365,78.46
2024-07-10 00:49:00,16.31,78.8825
2024-07-10 01:04:00,16.2325,79.2775
2024-07-10 01:19:00,16.2625,78.8825
2024-07-10 01:34:00,16.245,79.2625
2024-07-10 01:49:00,16.18,79.8525
2024-07-10 02:04:00,16.345,80.725
2024-07-10 02:19:00,16.5625,79.7525
2024-07-10 02:34:00,16.6,79.69
2024-07-10 02:49:00,16.6375,80.475
2024-07-10 03:04:00,16.5275,81.4575
2024-07-10 03:19:00,16.625,81.0275
2024-07-10 03:34:00,16.525,81.8425
2024-07-10 03:49:00,16.5775,81.935
2024-07-10 04:04:00,16.5275,82.54
2024-07-10 04:19:00,16.8025,81.485
2024-07-10 04:34:00,16.45,82.99
2024-07-10 04:49:00,16.525,83.0425
2024-07-10 05:04:00,16.495,83.09
2024-07-10 05:19:00,16.525,83.24
2024-07-10 05:34:00,16.44,83.4325
2024-07-10 05:49:00,16.53,83.43
2024-07-10 06:04:00,16.41,83.7575
2024-07-10 06:19:00,16.5775,83.7025
2024-07-10 06:34:00,16.63,83.63
2024-07-10 06:49:00,16.7375,82.9475
2024-07-10 07:04:00,16.8325,82.85
2024-07-10 07:19:00,16.9675,82.3325
2024-07-10 07:34:00,17.075,82.12
2024-07-10 07:49:00,17.1075,81.87
2024-07-10 08:04:00,17.4925,80.64
2024-07-10 08:19:00,18.2875,78.1125
2024-07-10 08:34:00,20.06,72.19
2024-07-10 08:49:00,21.3725,66.725
2024-07-10 09:04:00,22.305,63.7525
2024-07-10 09:19:00,23.605,59.115
2024-07-10 09:34:00,24.2,57.215
2024-07-10 09:49:00,24.05,57.645
2024-07-10 10:04:00,25.415,54.4375
2024-07-10 10:19:00,25.8225,54.19
2024-07-10 10:34:00,26.9175,50.7575
2024-07-10 10:49:00,27.895,48.5425
2024-07-10 11:04:00,29.12,45.8075
2024-07-10 11:19:00,29.7525,44.81
2024-07-10 11:34:00,30.795,41.1675
2024-07-10 11:49:00,32.205,37.865
2024-07-10 12:04:00,33.655,35.765
2024-07-10 12:19:00,33.8125,33.6725
2024-07-10 12:34:00,35.335,30.205
2024-07-10 12:49:00,36.8025,27.0125
2024-07-10 13:04:00,37.495,25.985
2024-07-10 13:19:00,38.165,26.6325
2024-07-10 13:34:00,38.485,24.62
2024-07-10 13:49:00,39.985,24.115
2024-07-10 14:04:00,39.915,22.9375
2024-07-10 14:19:00,40.065,22.14
2024-07-10 14:34:00,40.6525,20.325
2024-07-10 14:49:00,41.1925,18.195
2024-07-10 15:04:00,41.7875,17.4625
2024-07-10 15:19:00,42.7475,15.3075
2024-07-10 15:34:00,42.5875,18.345
2024-07-10 15:49:00,42.73,18.2275
2024-07-10 16:04:00,43.0425,17.4275
2024-07-10 16:19:00,43.2325,18.7775
2024-07-10 16:34:00,42.945,16.815
2024-07-10 16:49:00,41.5625,22.1475
2024-07-10 17:04:00,41.175,21.44
2024-07-10 17:19:00,41.5075,22.215
2024-07-10 17:34:00,40.7175,22.2875
2024-07-10 17:49:00,41.155,21.1375
2024-07-10 18:04:00,39.775,22.6775
2024-07-10 18:19:00,40.135,22.165
2024-07-10 18:34:00,39.6925,23.4825
2024-07-10 18:49:00,38.7,25.33
2024-07-10 19:04:00,38.38,25.1525
2024-07-10 19:19:00,37.2825,25.99
2024-07-10 19:34:00,35.6825,27.515
2024-07-10 19:49:00,33.795,30.8075
2024-07-10 20:04:00,32.655,31.7425
2024-07-10 20:19:00,31.7825,33.1675
2024-07-10 20:34:00,31.04,34.88
2024-07-10 20:49:00,30.3625,35.9425
2024-07-10 21:04:00,29.7025,36.88
2024-07-10 21:19:00,29.1325,38.375
2024-07-10 21:34:00,28.7375,39.13
2024-07-10 21:49:00,28.44,39.065
2024-07-10 22:04:00,28.2075,38.87
2024-07-10 22:19:00,27.815,39.65
2024-07-10 22:34:00,27.6,40.325
2024-07-10 22:49:00,27.3175,41.0475
2024-07-10 23:04:00,27.16,42.165
2024-07-10 23:19:00,26.74,43.14
2024-07-10 23:34:00,26.185,45.1875
2024-07-10 23:49:00,25.7425,46.2325
2024-07-11 00:04:00,25.655,46.53
2024-07-11 00:19:00,25.375,47.5375
2024-07-11 00:34:00,24.985,48.7525
2024-07-11 00:49:00,24.73,49.435
2024-07-11 01:04:00,24.265,51.2725
2024-07-11 01:19:00,24.0225,52.2725
2024-07-11 01:34:00,23.58,54.45
2024-07-11 01:49:00,22.965,58.2225
2024-07-11 02:04:00,22.7325,58.15
2024-07-11 02:19:00,22.5125,58.88
2024-07-11 02:34:00,22.2125,62.7675
2024-07-11 02:49:00,21.87,62.94
2024-07-11 03:04:00,21.7175,60.9675
2024-07-11 03:19:00,21.535,60.87
2024-07-11 03:34:00,21.1875,64.0525
2024-07-11 03:49:00,20.9475,64.565
2024-07-11 04:04:00,20.6975,65.54
2024-07-11 04:19:00,20.3525,67.165
2024-07-11 04:34:00,20.28,66.885
2024-07-11 04:49:00,20.23,68.3275
2024-07-11 05:04:00,19.8975,70.2975
2024-07-11 05:19:00,19.675,71.0475
2024-07-11 05:34:00,19.4725,70.8425
2024-07-11 05:49:00,19.3,70.4375
2024-07-11 06:04:00,19.095,69.5925
2024-07-11 06:19:00,19.03,69.9675
2024-07-11 06:34:00,19.2875,65.4725
2024-07-11 06:49:00,19.565,65.15
2024-07-11 07:04:00,19.93,64.3125
2024-07-11 07:19:00,20.62,63.745
2024-07-11 07:34:00,21.6475,61.455
2024-07-11 07:49:00,23.8125,55.3825
2024-07-11 08:04:00,24.885,51.84
2024-07-11 08:19:00,26.1975,48.425
2024-07-11 08:34:00,27.2875,46.0525
2024-07-11 08:49:00,28.3225,43.5525
2024-07-11 09:04:00,29.9225,40.74
2024-07-11 09:19:00,30.3075,39.7475
2024-07-11 09:34:00,30.7625,39.62
2024-07-11 09:49:00,31.9375,37.825
2024-07-11 10:04:00,32.63,36.6725
2024-07-11 10:19:00,33.0975,34.945
2024-07-11 10:34:00,34.795,30.22
2024-07-11 10:49:00,35.4525,28.195
2024-07-11 11:04:00,36.0575,24.25
2024-07-11 11:19:00,38.2875,21.6425
2024-07-11 11:34:00,38.81,19.395
2024-07-11 11:49:00,39.7125,19.9925
2024-07-11 12:04:00,40.42,19.6475
2024-07-11 12:19:00,41.61,19.2025
2024-07-11 12:34:00,41.9625,18.36
2024-07-11 12:49:00,42.18,18.2675
2024-07-11 13:04:00,42.66,17.43
2024-07-11 13:19:00,43.3175,17.1925
2024-07-11 13:34:00,43.74,16.7675
2024-07-11 13:49:00,44.685,16.34
2024-07-11 14:04:00,44.715,16.0925
2024-07-11 14:19:00,44.99,16.2575
2024-07-11 14:34:00,45.4075,15.6275
2024-07-11 14:49:00,45.3525,15.6975
2024-07-11 15:04:00,45.9375,16.525
2024-07-11 15:19:00,46.085,16.1725
2024-07-11 15:34:00,45.4125,16.68
2024-07-11 15:49:00,45.14,18.2475
2024-07-11 16:04:00,45.175,16.6075
2024-07-11 16:19:00,44.6975,16.605
2024-07-11 16:34:00,44.52,16.2125
2024-07-11 16:49:00,44.7225,15.9875
2024-07-11 17:04:00,44.2175,14.775
2024-07-11 17:19:00,44.135,15.25
2024-07-11 17:34:00,44.0725,14.7725
2024-07-11 17:49:00,43.7125,16.1175
2024-07-11 18:04:00,43.7525,15.9075
2024-07-11 18:19:00,41.9025,17.795
2024-07-11 18:34:00,40.74,18.44
2024-07-11 18:49:00,39.7725,18.3225
2024-07-11 19:04:00,39.2525,18.995
2024-07-11 19:19:00,38.01,20.0625
2024-07-11 19:34:00,36.38,19.72
2024-07-11 19:49:00,35.275,19.265
2024-07-11 20:04:00,34.455,20.1925
2024-07-11 20:19:00,33.69,20.3725
2024-07-11 20:34:00,32.7975,22.5675
2024-07-11 20:49:00,31.7025,24.105
2024-07-11 21:04:00,30.84,26.0625
2024-07-11 21:19:00,30.47,25.82
2024-07-11 21:34:00,30.025,26.595
2024-07-11 21:49:00,29.795,27.2425
2024-07-11 22:04:00,29.365,27.9925
2024-07-11 22:19:00,28.825,30.025
2024-07-11 22:34:00,28.065,34.845
2024-07-11 22:49:00,27.6975,35.975
2024-07-11 23:04:00,27.4275,32.6425
2024-07-11 23:19:00,27.4025,36.7375
2024-07-11 23:34:00,26.7675,38.085
2024-07-11 23:49:00,26.35,36.73
2024-07-12 00:04:00,26.2625,35.79
2024-07-12 00:19:00,26.035,38.415
2024-07-12 00:34:00,25.5075,39.4025
2024-07-12 00:49:00,25.1675,39.8675
2024-07-12 01:04:00,24.79,39.2525
2024-07-12 01:19:00,24.5825,39.7
2024-07-12 01:34:00,24.3875,42.305
2024-07-12 01:49:00,24.325,43.0775
2024-07-12 02:04:00,24.2275,43.8425
2024-07-12 02:19:00,23.9425,47.435
2024-07-12 02:34:00,23.4325,50.8175
2024-07-12 02:49:00,23.165,50.245
2024-07-12 03:04:00,23.165,50.6825
2024-07-12 03:19:00,23.035,51.51
2024-07-12 03:34:00,23.0125,51.6725
2024-07-12 03:49:00,22.72,53.2475
2024-07-12 04:04:00,22.235,57.5225
2024-07-12 04:19:00,21.94,60.57
2024-07-12 04:34:00,21.7375,60.8025
2024-07-12 04:49:00,21.38,60.5775
2024-07-12 05:04:00,21.425,59.1475
2024-07-12 05:19:00,21.3475,59.98
2024-07-12 05:34:00,21.22,60.7125
2024-07-12 05:49:00,20.8875,62.41
2024-07-12 06:04:00,20.805,63.1975
2024-07-12 06:19:00,20.77,64.3625
2024-07-12 06:34:00,21.015,63.3875
2024-07-12 06:49:00,21.17,62.43
2024-07-12 07:04:00,21.5,62.9875
2024-07-12 07:19:00,22.0675,59.825
2024-07-12 07:34:00,22.7575,54.435
2024-07-12 07:49:00,24.365,50.31
2024-07-12 08:04:00,25.97,47.825
2024-07-12 08:19:00,26.645,45.27
2024-07-12 08:34:00,27.3975,44.05
2024-07-12 08:49:00,28.3,42.4325
2024-07-12 09:04:00,28.7675,43.0025
2024-07-12 09:19:00,30.09,40.56
2024-07-12 09:34:00,30.245,39.2375
2024-07-12 09:49:00,31.77,36.1625
2024-07-12 10:04:00,32.5125,35.255
2024-07-12 10:19:00,33.0375,33.765
2024-07-12 10:34:00,34.2325,32.1575
2024-07-12 10:49:00,34.82,30.725
2024-07-12 11:04:00,35.4225,29.415
2024-07-12 11:19:00,36.6275,26.9925
2024-07-12 11:34:00,37.0725,26.495
2024-07-12 11:49:00,37.5,26.575
2024-07-12 12:04:00,38.0075,26.3475
2024-07-12 12:19:00,37.555,25.31
2024-07-12 12:34:00,38.59,25.005
2024-07-12 12:49:00,39.625,23.585
2024-07-12 13:04:00,40.335,22.2675
2024-07-12 13:19:00,40.38,21.385
2024-07-12 13:34:00,41.28,20.975
2024-07-12 13:49:00,40.8975,20.1425
2024-07-12 14:04:00,41.2325,20.0175
2024-07-12 14:19:00,41.32,19.5425
2024-07-12 14:34:00,41.7575,19.505
2024-07-12 14:49:00,41.3125,19.6825
2024-07-12 15:04:00,41.5425,19.955
2024-07-12 15:19:00,41.475,19.575
2024-07-12 15:34:00,41.0075,18.655
2024-07-12 15:49:00,41.44,18.69
2024-07-12 16:04:00,41.2975,18.175
2024-07-12 16:19:00,40.8125,18.1075
2024-07-12 16:34:00,40.57,18.5225
2024-07-12 16:49:00,40.6675,17.5875
2024-07-12 17:04:00,39.4975,19.025
2024-07-12 17:19:00,40.205,17.855
2024-07-12 17:34:00,40.01,17.37
2024-07-12 17:49:00,39.1875,18.9
2024-07-12 18:04:00,38.9575,17.935
2024-07-12 18:19:00,38.5175,18.14
2024-07-12 18:34:00,37.8625,18.86
2024-07-12 18:49:00,37.4675,18.775
2024-07-12 19:04:00,37.04,20.795
2024-07-12 19:19:00,36.1675,20.1125
2024-07-12 19:34:00,35.4925,20.3875
2024-07-12 19:49:00,33.725,24.3975
2024-07-12 20:04:00,32.625,26.3975
2024-07-12 20:19:00,31.52,26.6775
2024-07-12 20:34:00,30.665,27.7175
2024-07-12 20:49:00,30.0925,27.18
2024-07-12 21:04:00,29.665,28.215
2024-07-12 21:19:00,29.2725,31.73
2024-07-12 21:34:00,28.9125,30.9575
2024-07-12 21:49:00,28.49,32.82
2024-07-12 22:04:00,27.8175,34.8375
2024-07-12 22:19:00,27.51,36.5825
2024-07-12 22:34:00,27.1125,37.795
2024-07-12 22:49:00,26.46,38.7025
2024-07-12 23:04:00,25.735,41.0225
2024-07-12 23:19:00,25.6775,41.66
2024-07-12 23:34:00,25.345,43.1175
2024-07-12 23:49:00,24.9375,43.3125
2024-07-13 00:04:00,24.3825,44.55
2024-07-13 00:19:00,24.2375,46.305
2024-07-13 00:34:00,24.1325,46.9125
2024-07-13 00:49:00,23.8325,47.5475
2024-07-13 01:04:00,23.5775,47.75
2024-07-13 01:19:00,23.275,47.7525
2024-07-13 01:34:00,22.76,49.07
2024-07-13 01:49:00,22.5075,52.645
2024-07-13 02:04:00,21.67,56.59
2024-07-13 02:19:00,21.795,56.88
2024-07-13 02:34:00,21.44,57.58
2024-07-13 02:49:00,21.7125,56.8775
2024-07-13 03:04:00,21.605,57.675
2024-07-13 03:19:00,21.455,57.545
2024-07-13 03:34:00,20.9975,59.115
2024-07-13 03:49:00,21.18,57.6975
2024-07-13 04:04:00,20.655,59.055
2024-07-13 04:19:00,20.92,57.645
2024-07-13 04:34:00,20.895,58.5975
2024-07-13 04:49:00,20.415,58.2825
2024-07-13 05:04:00,19.9025,60.66
2024-07-13 05:19:00,20.235,60.9
2024-07-13 05:34:00,20.5375,59.4025
2024-07-13 05:49:00,21.0725,57.4675
2024-07-13 06:04:00,20.005,60.5775
2024-07-13 06:19:00,19.9,61.0975
2024-07-13 06:34:00,20.18,60.365
2024-07-13 06:49:00,20.2275,60.9325
2024-07-13 07:04:00,20.25,60.7325
2024-07-13 07:19:00,20.455,61.0775
2024-07-13 07:34:00,20.0775,62.42
2024-07-13 07:49:00,20.3775,61.8925
2024-07-13 08:04:00,22.0075,56.605
2024-07-13 08:19:00,21.5975,57.61
2024-07-13 08:34:00,21.4625,58.1175
2024-07-13 08:49:00,21.4025,58.4925
2024-07-13 09:04:00,21.52,57.485
2024-07-13 09:19:00,22.2175,56.0325
2024-07-13 09:34:00,25.505,47.645
2024-07-13 09:49:00,26.0925,46.6875
2024-07-13 10:04:00,27.1225,44.09
2024-07-13 10:19:00,26.965,43.955
2024-07-13 10:34:00,26.595,45.2
2024-07-13 10:49:00,27.4,43.945
2024-07-13 11:04:00,29.27,39.8725
2024-07-13 11:19:00,29.93,39.3775
2024-07-13 11:34:00,28.72,40.8675
2024-07-13 11:49:00,29.7775,37.0325
2024-07-13 12:04:00,32.1175,34.8025
2024-07-13 12:19:00,30.89,37.325
2024-07-13 12:34:00,29.26,38.31
2024-07-13 12:49:00,31.1925,34.7025
2024-07-13 13:04:00,32.245,32.9875
2024-07-13 13:19:00,31.1425,34.5825
2024-07-13 13:34:00,33.26,32.395
2024-07-13 13:49:00,33.9475,31.165
2024-07-13 14:04:00,33.895,31.7525
2024-07-13 14:19:00,34.5875,31.49
2024-07-13 14:34:00,33.655,30.98
2024-07-13 14:49:00,32.9125,32.8175
2024-07-13 15:04:00,32.4325,33.2225
2024-07-13 15:19:00,32.9,32.6175
2024-07-13 15:34:00,32.5325,33.305
2024-07-13 15:49:00,34.05,32.3575
2024-07-13 16:04:00,33.8525,32.1325
2024-07-13 16:19:00,32.8875,33.255
2024-07-13 16:34:00,32.7525,33.2275
2024-07-13 16:49:00,32.4575,33.3425
2024-07-13 17:04:00,31.5025,33.6725
2024-07-13 17:19:00,30.8475,34.585
2024-07-13 17:34:00,31.38,33.6175
2024-07-13 17:49:00,30.06,36.11
2024-07-13 18:04:00,29.6225,37.8175
2024-07-13 18:19:00,29.46,38.3925
2024-07-13 18:34:00,28.805,38.8875
2024-07-13 18:49:00,28.415,39.4975
2024-07-13 19:04:00,27.715,40.495
2024-07-13 19:19:00,27.11,41.8475
2024-07-13 19:34:00,25.985,42.86
2024-07-13 19:49:00,24.9975,42.835
2024-07-13 20:04:00,24.6925,44.545
2024-07-13 20:19:00,23.895,45.7725
2024-07-13 20:34:00,23.2875,46.4725
2024-07-13 20:49:00,22.84,48.6975
2024-07-13 21:04:00,22.7275,49.745
2024-07-13 21:19:00,22.5975,49.4875
2024-07-13 21:34:00,22.435,49.44
2024-07-13 21:49:00,22.435,50.7525
2024-07-13 22:04:00,22.4125,50.8
2024-07-13 22:19:00,22.585,50.175
2024-07-13 22:34:00,22.595,50.18
2024-07-13 22:49:00,22.285,51.14
2024-07-13 23:04:00,22.3475,50.8175
2024-07-13 23:19:00,21.725,53.13
2024-07-13 23:34:00,21.6925,53.565
2024-07-13 23:49:00,21.3125,55.08
2024-07-14 00:04:00,20.6725,56.01
2024-07-14 00:19:00,20.215,57.5025
2024-07-14 00:34:00,20.2325,58.07
2024-07-14 00:49:00,20.005,59.6075
2024-07-14 01:04:00,20.255,59.11
2024-07-14 01:19:00,19.9375,59.87
2024-07-14 01:34:00,19.715,60.8075
2024-07-14 01:49:00,19.54,62.3
2024-07-14 02:04:00,19.24,63.005
2024-07-14 02:19:00,18.73,65.575
2024-07-14 02:34:00,18.4275,67.1625
2024-07-14 02:49:00,18.38,68.0475
2024-07-14 03:04:00,18.14,69.03
2024-07-14 03:19:00,17.9975,70.9375
2024-07-14 03:34:00,17.9125,71.615
2024-07-14 03:49:00,17.2725,73.1
2024-07-14 04:04:00,17.595,72.665
2024-07-14 04:19:00,16.93,74.0075
2024-07-14 04:34:00,16.66,76.4075
2024-07-14 04:49:00,16.35,77.1525
2024-07-14 05:04:00,16.2125,77.5725
2024-07-14 05:19:00,15.8825,78.875
2024-07-14 05:34:00,15.9075,79.2075
2024-07-14 05:49:00,15.6875,79.61
2024-07-14 06:04:00,15.6725,80.4525
2024-07-14 06:19:00,15.91,79.8825
2024-07-14 06:34:00,16.015,79.68
2024-07-14 06:49:00,16.175,79.4175
2024-07-14 07:04:00,16.33,79.0125
2024-07-14 07:19:00,16.225,79.205
2024-07-14 07:34:00,16.415,79.36
2024-07-14 07:49:00,16.4675,79.0525
2024-07-14 08:04:00,16.795,77.8125
2024-07-14 08:19:00,16.85,77.645
2024-07-14 08:34:00,17.1775,76.15
2024-07-14 08:49:00,17.4025,75.565
2024-07-14 09:04:00,18.39,71.5975
2024-07-14 09:19:00,19.4825,67.79
2024-07-14 09:34:00,20.6825,63.5
2024-07-14 09:49:00,21.495,61.0875
2024-07-14 10:04:00,22.8825,56.5375
2024-07-14 10:19:00,24.1625,53.585
2024-07-14 10:34:00,24.255,53.4925
2024-07-14 10:49:00,25.1575,50.34
2024-07-14 11:04:00,26.445,47.23
2024-07-14 11:19:00,27.3975,45.2275
2024-07-14 11:34:00,28.11,44.4525
2024-07-14 11:49:00,28.975,42.7225
2024-07-14 12:04:00,30.2475,39.7075
2024-07-14 12:19:00,30.3575,38.435
2024-07-14 12:34:00,30.595,38.8625
2024-07-14 12:49:00,30.675,38.565
2024-07-14 13:04:00,30.8875,38.275
2024-07-14 13:19:00,31.11,36.875
2024-07-14 13:34:00,31.615,36.19
2024-07-14 13:49:00,31.79,35.7675
2024-07-14 14:04:00,32.625,34.6825
2024-07-14 14:19:00,33.07,33.8125
2024-07-14 14:34:00,33.435,32.51
2024-07-14 14:49:00,32.94,33.4625
2024-07-14 15:04:00,32.7725,33.6675
2024-07-14 15:19:00,32.9475,33.3675
2024-07-14 15:34:00,33.44,33.1725
2024-07-14 15:49:00,33.4475,33.215
2024-07-14 16:04:00,32.64,34.27
2024-07-14 16:19:00,32.59,34.66
2024-07-14 16:34:00,32.725,34.16
2024-07-14 16:49:00,32.8,34.3025
2024-07-14 17:04:00,31.715,35.5875
2024-07-14 17:19:00,31.3275,36.5125
2024-07-14 17:34:00,30.7975,37.695
2024-07-14 17:49:00,30.8875,37.3525
2024-07-14 18:04:00,30.1625,37.685
2024-07-14 18:19:00,29.775,38.115
2024-07-14 18:34:00,29.59,38.115
2024-07-14 18:49:00,29.3725,37.905
2024-07-14 19:04:00,27.955,39.5975
2024-07-14 19:19:00,26.7025,42.06
2024-07-14 19:34:00,26.525,42.0525
2024-07-14 19:49:00,24.9,46.2275
2024-07-14 20:04:00,23.6775,48.895
2024-07-14 20:19:00,22.73,51.48
2024-07-14 20:34:00,21.84,53.49
2024-07-14 20:49:00,21.3125,53.755
2024-07-14 21:04:00,20.885,56.0875
2024-07-14 21:19:00,20.23,58.045
2024-07-14 21:34:00,19.88,58.9
2024-07-14 21:49:00,19.545,59.7925
2024-07-14 22:04:00,19.0,62.3575
2024-07-14 22:19:00,18.4625,64.955
2024-07-14 22:34:00,18.28,65.3375
2024-07-14 22:49:00,18.0325,65.4075
2024-07-14 23:04:00,17.7225,66.0825
2024-07-14 23:19:00,17.3,67.9775
2024-07-14 23:34:00,17.135,69.095
2024-07-14 23:49:00,16.89,69.8775
2024-07-15 00:04:00,16.7575,70.235
2024-07-15 00:19:00,16.4925,71.1525
2024-07-15 00:34:00,16.415,71.6425
2024-07-15 00:49:00,16.35,72.0125
2024-07-15 01:04:00,16.19,72.54
2024-07-15 01:19:00,15.8725,73.2175
2024-07-15 01:34:00,15.785,74.185
2024-07-15 01:49:00,15.785,74.7475
2024-07-15 02:04:00,15.6725,74.7725
2024-07-15 02:19:00,15.605,75.355
2024-07-15 02:34:00,15.5875,75.8375
2024-07-15 02:49:00,15.615,76.0275
2024-07-15 03:04:00,15.6075,76.385
2024-07-15 03:19:00,15.52,77.0425
2024-07-15 03:34:00,15.54,77.505
2024-07-15 03:49:00,15.5225,77.8125
2024-07-15 04:04:00,15.4375,78.9775
2024-07-15 04:19:00,15.69,79.025
2024-07-15 04:34:00,15.4375,79.7625
2024-07-15 04:49:00,15.2675,80.1975
2024-07-15 05:04:00,15.415,80.2125
2024-07-15 05:19:00,15.74,79.52
2024-07-15 05:34:00,15.5225,80.1275
2024-07-15 05:49:00,15.4475,80.205
2024-07-15 06:04:00,15.4375,81.62
2024-07-15 06:19:00,15.2375,80.6225
2024-07-15 06:34:00,15.145,80.96
2024-07-15 06:49:00,15.4375,79.81
2024-07-15 07:04:00,15.5025,79.1575
2024-07-15 07:19:00,15.6,78.7
2024-07-15 07:34:00,15.95,77.21
2024-07-15 07:49:00,16.165,76.1175
2024-07-15 08:04:00,16.3875,75.68
2024-07-15 08:19:00,16.6575,75.5325
2024-07-15 08:34:00,16.9425,74.815
2024-07-15 08:49:00,18.295,69.91
2024-07-15 09:04:00,19.6525,65.695
2024-07-15 09:19:00,19.42,65.905
2024-07-15 09:34:00,20.3575,62.765
2024-07-15 09:49:00,21.3225,58.55
2024-07-15 10:04:00,21.8825,57.2075
2024-07-15 10:19:00,22.095,56.0475
2024-07-15 10:34:00,22.7225,54.6125
2024-07-15 10:49:00,23.645,51.59
2024-07-15 11:04:00,23.7,50.155
2024-07-15 11:19:00,24.0975,50.06
2024-07-15 11:34:00,24.7475,48.1075
2024-07-15 11:49:00,24.9375,47.4925
2024-07-15 12:04:00,25.125,46.7125
2024-07-15 12:19:00,25.9825,44.71
2024-07-15 12:34:00,26.5025,44.0525
2024-07-15 12:49:00,26.435,44.045
2024-07-15 13:04:00,26.83,42.4925
2024-07-15 13:19:00,27.195,42.015
2024-07-15 13:34:00,27.305,41.7225
2024-07-15 13:49:00,27.6525,41.395
2024-07-15 14:04:00,28.6075,39.2575
2024-07-15 14:19:00,28.6275,39.105
2024-07-15 14:34:00,28.63,39.15
2024-07-15 14:49:00,29.3775,37.6025
2024-07-15 15:04:00,29.655,37.255
2024-07-15 15:19:00,29.785,36.9775
2024-07-15 15:34:00,29.98,36.8325
2024-07-15 15:49:00,30.07,37.0875
2024-07-15 16:04:00,30.1675,36.545
2024-07-15 16:19:00,29.9875,37.2075
2024-07-15 16:34:00,29.3875,37.7525
2024-07-15 16:49:00,28.7475,38.51
2024-07-15 17:04:00,27.8225,39.515
2024-07-15 17:19:00,27.915,39.4625
2024-07-15 17:34:00,27.6775,39.6025
2024-07-15 17:49:00,27.1125,40.785
2024-07-15 18:04:00,26.6475,41.2675
2024-07-15 18:19:00,25.93,42.1875
2024-07-15 18:34:00,25.425,43.565
2024-07-15 18:49:00,25.7175,42.97
2024-07-15 19:04:00,25.42,43.5925
2024-07-15 19:19:00,24.46,45.2025
2024-07-15 19:34:00,23.47,47.2575
2024-07-15 19:49:00,21.5375,50.835
2024-07-15 20:04:00,20.475,53.7225
2024-07-15 20:19:00,19.76,55.445
2024-07-15 20:34:00,19.1225,57.61
2024-07-15 20:49:00,18.705,58.5525
2024-07-15 21:04:00,18.5025,59.4625
2024-07-15 21:19:00,17.9975,61.3825
2024-07-15 21:34:00,17.665,62.52
2024-07-15 21:49:00,17.4075,63.7025
2024-07-15 22:04:00,17.3175,63.89
2024-07-15 22:19:00,17.2925,63.7025
2024-07-15 22:34:00,17.285,63.97
2024-07-15 22:49:00,17.0075,65.02
2024-07-15 23:04:00,16.7775,65.36
2024-07-15 23:19:00,16.5675,65.26
2024-07-15 23:34:00,16.405,66.2775
2024-07-15 23:49:00,16.095,67.5725
2024-07-16 00:04:00,16.02,67.835
2024-07-16 00:19:00,15.8075,68.85
2024-07-16 00:34:00,15.635,69.85
2024-07-16 00:49:00,15.545,70.46
2024-07-16 01:04:00,15.465,71.495
2024-07-16 01:19:00,15.275,72.6175
2024-07-16 01:34:00,15.225,73.34
2024-07-16 01:49:00,15.1175,74.005
2024-07-16 02:04:00,14.92,75.3875
2024-07-16 02:19:00,14.87,75.7475
2024-07-16 02:34:00,14.6675,76.545
2024-07-16 02:49:00,14.545,77.305
2024-07-16 03:04:00,14.5725,77.42
2024-07-16 03:19:00,14.35,78.5175
2024-07-16 03:34:00,14.38,78.5675
2024-07-16 03:49:00,14.2775,79.06
2024-07-16 04:04:00,14.13,79.2575
2024-07-16 04:19:00,14.1325,79.315
2024-07-16 04:34:00,14.14,79.4675
2024-07-16 04:49:00,14.0425,79.4975
2024-07-16 05:04:00,14.075,79.7075
2024-07-16 05:19:00,14.35,78.6725
2024-07-16 05:34:00,14.445,78.28
2024-07-16 05:49:00,14.3275,78.955
2024-07-16 06:04:00,14.55,78.6125
2024-07-16 06:19:00,14.8375,77.6575
2024-07-16 06:34:00,14.9675,77.19
2024-07-16 06:49:00,15.255,76.285
2024-07-16 07:04:00,15.6575,75.065
2024-07-16 07:19:00,16.1075,73.515
2024-07-16 07:34:00,15.9225,73.715
2024-07-16 07:49:00,16.405,72.325
2024-07-16 08:04:00,16.725,71.1275
2024-07-16 08:19:00,16.9025,69.83
2024-07-16 08:34:00,17.51,68.19
2024-07-16 08:49:00,17.985,66.365
2024-07-16 09:04:00,18.7,64.735
2024-07-16 09:19:00,19.68,61.0025
2024-07-16 09:34:00,20.49,58.255
2024-07-16 09:49:00,21.1625,55.945
2024-07-16 10:04:00,21.6175,55.3475
2024-07-16 10:19:00,22.24,52.785
2024-07-16 10:34:00,23.0,50.74
2024-07-16 10:49:00,23.385,49.7125
2024-07-16 11:04:00,23.5175,49.705
2024-07-16 11:19:00,24.0175,47.975
2024-07-16 11:34:00,24.2825,47.6175
2024-07-16 11:49:00,25.04,44.995
2024-07-16 12:04:00,25.4575,44.15
2024-07-16 12:19:00,25.79,43.25
2024-07-16 12:34:00,25.985,42.9025
2024-07-16 12:49:00,26.7175,41.005
2024-07-16 13:04:00,27.24,39.145
2024-07-16 13:19:00,27.0675,39.52
2024-07-16 13:34:00,27.6625,38.11
2024-07-16 13:49:00,28.2975,37.5525
2024-07-16 14:04:00,29.12,35.19
2024-07-16 14:19:00,29.9125,34.405
2024-07-16 14:34:00,30.6275,32.08
2024-07-16 14:49:00,29.675,34.815
2024-07-16 15:04:00,29.4075,35.7625
2024-07-16 15:19:00,29.7475,35.1925
2024-07-16 15:34:00,29.915,34.6175
2024-07-16 15:49:00,30.61,34.1825
2024-07-16 16:04:00,30.065,34.715
2024-07-16 16:19:00,28.7175,35.96
2024-07-16 16:34:00,28.58,36.1675
2024-07-16 16:49:00,27.5825,37.655
2024-07-16 17:04:00,27.6675,37.525
2024-07-16 17:19:00,26.875,38.895
2024-07-16 17:34:00,26.9475,38.8775
2024-07-16 17:49:00,26.615,39.4025
2024-07-16 18:04:00,26.0925,40.45
2024-07-16 18:19:00,24.355,42.9925
2024-07-16 18:34:00,23.8875,43.94
2024-07-16 18:49:00,23.2725,45.5725
2024-07-16 19:04:00,22.235,47.5125
2024-07-16 19:19:00,21.55,49.1475
2024-07-16 19:34:00,20.485,51.95
2024-07-16 19:49:00,19.165,55.4675
2024-07-16 20:04:00,18.6475,57.4625
2024-07-16 20:19:00,17.96,59.22
2024-07-16 20:34:00,17.515,61.3875
2024-07-16 20:49:00,17.1475,62.4175
2024-07-16 21:04:00,16.815,63.7475
2024-07-16 21:19:00,16.6475,64.49
2024-07-16 21:34:00,16.48,65.2925
2024-07-16 21:49:00,16.195,66.46
2024-07-16 22:04:00,15.78,68.0875
2024-07-16 22:19:00,15.455,69.2525
2024-07-16 22:34:00,15.3725,69.74
2024-07-16 22:49:00,15.3475,70.2575
2024-07-16 23:04:00,15.2075,71.83
2024-07-16 23:19:00,15.105,71.2825
2024-07-16 23:34:00,15.01,72.1
2024-07-16 23:49:00,14.785,72.2625
2024-07-17 00:04:00,14.5125,73.525
2024-07-17 00:19:00,14.3625,74.72
2024-07-17 00:34:00,14.225,75.84
2024-07-17 00:49:00,14.0175,76.8725
2024-07-17 01:04:00,14.0,77.2
2024-07-17 01:19:00,13.9075,77.42
2024-07-17 01:34:00,13.9,77.17
2024-07-17 01:49:00,13.685,77.925
2024-07-17 02:04:00,13.7125,78.0975
2024-07-17 02:19:00,13.6625,78.695
2024-07-17 02:34:00,13.525,79.39
2024-07-17 02:49:00,13.42,80.3
2024-07-17 03:04:00,13.355,81.17
2024-07-17 03:19:00,13.4275,80.4
2024-07-17 03:34:00,13.185,80.7475
2024-07-17 03:49:00,12.95,81.805
2024-07-17 04:04:00,13.37,81.455
2024-07-17 04:19:00,13.6075,81.1725
2024-07-17 04:34:00,13.895,80.71
2024-07-17 04:49:00,14.3375,80.8225
2024-07-17 05:04:00,14.6425,80.2275
2024-07-17 05:19:00,14.735,79.82
2024-07-17 05:34:00,14.6575,80.065
2024-07-17 05:49:00,14.68,79.78
2024-07-17 06:04:00,14.705,79.7775
2024-07-17 06:19:00,14.66,79.5525
2024-07-17 06:34:00,14.2225,80.985
2024-07-17 06:49:00,14.3775,80.3525
2024-07-17 07:04:00,14.31,80.695
2024-07-17 07:19:00,14.38,80.22
2024-07-17 07:34:00,14.6025,79.77
2024-07-17 07:49:00,15.0125,78.9475
2024-07-17 08:04:00,15.6075,76.7425
2024-07-17 08:19:00,15.675,76.0675
2024-07-17 08:34:00,15.8375,76.025
2024-07-17 08:49:00,16.48,73.5425
2024-07-17 09:04:00,17.82,69.655
2024-07-17 09:19:00,18.5225,66.715
2024-07-17 09:34:00,20.1475,60.7625
2024-07-17 09:49:00,20.3775,59.87
2024-07-17 10:04:00,21.52,56.21
2024-07-17 10:19:00,21.79,55.21
2024-07-17 10:34:00,22.995,52.1675
2024-07-17 10:49:00,22.8175,52.42
2024-07-17 11:04:00,23.9825,49.665
2024-07-17 11:19:00,24.8075,48.51
2024-07-17 11:34:00,25.57,46.5
2024-07-17 11:49:00,25.915,44.78
2024-07-17 12:04:00,27.1125,43.2225
2024-07-17 12:19:00,27.7675,41.585
2024-07-17 12:34:00,28.0675,41.6
2024-07-17 12:49:00,29.185,38.6075
2024-07-17 13:04:00,29.8575,37.0975
2024-07-17 13:19:00,30.5175,37.27
2024-07-17 13:34:00,30.05,37.0125
2024-07-17 13:49:00,30.995,34.8325
2024-07-17 14:04:00,31.7575,33.9625
2024-07-17 14:19:00,30.9975,34.6025
2024-07-17 14:34:00,32.265,33.8075
2024-07-17 14:49:00,32.5125,32.8775
2024-07-17 15:04:00,32.9875,31.9375
2024-07-17 15:19:00,33.8325,30.78
2024-07-17 15:34:00,32.8475,30.7525
2024-07-17 15:49:00,32.9175,32.0875
2024-07-17 16:04:00,32.08,32.7625
2024-07-17 16:19:00,31.7875,33.295
2024-07-17 16:34:00,32.2725,32.755
2024-07-17 16:49:00,31.7,34.065
2024-07-17 17:04:00,32.26,33.2125
2024-07-17 17:19:00,31.9325,34.1925
2024-07-17 17:34:00,31.3475,34.3525
2024-07-17 17:49:00,31.32,34.33
2024-07-17 18:04:00,31.715,34.1775
2024-07-17 18:19:00,30.8575,35.14
2024-07-17 18:34:00,29.5,36.4325
2024-07-17 18:49:00,29.1725,36.8125
2024-07-17 19:04:00,28.55,36.775
2024-07-17 19:19:00,27.74,37.605
2024-07-17 19:34:00,26.695,40.3325
2024-07-17 19:49:00,24.9125,43.135
2024-07-17 20:04:00,24.33,43.345
2024-07-17 20:19:00,23.7875,44.1
2024-07-17 20:34:00,23.5925,44.01
2024-07-17 20:49:00,22.9525,52.7275
2024-07-17 21:04:00,22.3375,54.915
2024-07-17 21:19:00,21.4475,56.7625
2024-07-17 21:34:00,20.9175,57.8025
2024-07-17 21:49:00,20.51,59.46
2024-07-17 22:04:00,19.94,61.215
2024-07-17 22:19:00,19.5475,62.6425
2024-07-17 22:34:00,19.5025,62.86
2024-07-17 22:49:00,19.3675,63.6025
2024-07-17 23:04:00,18.78,65.3125
2024-07-17 23:19:00,18.6225,66.2575
2024-07-17 23:34:00,18.3525,66.8875
2024-07-17 23:49:00,18.1775,67.13
2024-07-18 00:04:00,18.0375,68.0075
2024-07-18 00:19:00,17.9175,67.0575
2024-07-18 00:34:00,17.7975,68.2325
2024-07-18 00:49:00,17.6375,68.57
2024-07-18 01:04:00,17.4075,68.6675
2024-07-18 01:19:00,17.2075,70.0325
2024-07-18 01:34:00,17.2475,68.5875
2024-07-18 01:49:00,16.955,70.805
2024-07-18 02:04:00,16.74,71.805
2024-07-18 02:19:00,16.345,72.375
2024-07-18 02:34:00,16.1075,73.3825
2024-07-18 02:49:00,15.94,73.905
2024-07-18 03:04:00,15.885,73.7275
2024-07-18 03:19:00,15.745,73.84
2024-07-18 03:34:00,15.6775,74.3325
2024-07-18 03:49:00,15.57,75.14
2024-07-18 04:04:00,15.4225,76.35
2024-07-18 04:19:00,15.445,77.0075
2024-07-18 04:34:00,15.3525,77.0
2024-07-18 04:49:00,15.2825,77.49
2024-07-18 05:04:00,15.1075,77.9125
2024-07-18 05:19:00,15.0825,77.3875
2024-07-18 05:34:00,15.0,77.74
2024-07-18 05:49:00,15.08,77.29
2024-07-18 06:04:00,14.9725,79.15
2024-07-18 06:19:00,15.0775,77.7275
2024-07-18 06:34:00,15.265,77.75
2024-07-18 06:49:00,15.44,77.695
2024-07-18 07:04:00,15.645,77.3
2024-07-18 07:19:00,15.9125,76.6725
2024-07-18 07:34:00,16.2575,76.27
2024-07-18 07:49:00,18.1325,70.2675
2024-07-18 08:04:00,19.0575,66.67
2024-07-18 08:19:00,20.5425,61.3925
2024-07-18 08:34:00,21.405,58.17
2024-07-18 08:49:00,22.025,56.435
2024-07-18 09:04:00,23.8925,51.2475
2024-07-18 09:19:00,23.5175,52.775
2024-07-18 09:34:00,25.085,50.2
2024-07-18 09:49:00,26.87,44.3325
2024-07-18 10:04:00,27.305,42.785
2024-07-18 10:19:00,28.5425,39.0
2024-07-18 10:34:00,29.22,38.34
2024-07-18 10:49:00,29.22,37.92
2024-07-18 11:04:00,29.9325,37.3125
2024-07-18 11:19:00,30.75,35.08
2024-07-18 11:34:00,31.6075,33.5125
2024-07-18 11:49:00,32.1175,32.8975
2024-07-18 12:04:00,33.33,31.7275
2024-07-18 12:19:00,33.61,31.8625
2024-07-18 12:34:00,33.9475,31.475
2024-07-18 12:49:00,34.5725,30.8
2024-07-18 13:04:00,35.38,29.8125
2024-07-18 13:19:00,35.6375,29.405
2024-07-18 13:34:00,36.625,28.39
2024-07-18 13:49:00,37.1675,27.2725
2024-07-18 14:04:00,36.49,27.1025
2024-07-18 14:19:00,37.395,25.41
2024-07-18 14:34:00,38.1675,25.32
2024-07-18 14:49:00,38.9575,23.85
2024-07-18 15:04:00,38.775,24.88
2024-07-18 15:19:00,39.0625,22.78
2024-07-18 15:34:00,39.075,20.225
2024-07-18 15:49:00,39.1925,20.79
2024-07-18 16:04:00,39.775,21.7
2024-07-18 16:19:00,38.2125,24.7375
2024-07-18 16:34:00,38.505,23.505
2024-07-18 16:49:00,38.9575,21.785
2024-07-18 17:04:00,39.01,21.6975
2024-07-18 17:19:00,38.405,20.2725
2024-07-18 17:34:00,37.9975,21.185
2024-07-18 17:49:00,37.1375,23.4325
2024-07-18 18:04:00,35.8825,24.1475
2024-07-18 18:19:00,34.3825,25.99
2024-07-18 18:34:00,33.675,26.8725
2024-07-18 18:49:00,33.18,26.97
2024-07-18 19:04:00,31.77,29.375
2024-07-18 19:19:00,30.65,31.0625
2024-07-18 19:34:00,28.3775,30.9525
2024-07-18 19:49:00,26.8975,33.3025
2024-07-18 20:04:00,26.215,32.51
2024-07-18 20:19:00,25.78,34.05
2024-07-18 20:34:00,25.1,34.75
2024-07-18 20:49:00,24.9,35.245
2024-07-18 21:04:00,24.56,36.38
2024-07-18 21:19:00,23.9425,39.1675
2024-07-18 21:34:00,23.2725,40.1075
2024-07-18 21:49:00,23.31,38.7475
2024-07-18 22:04:00,23.1275,39.3925
2024-07-18 22:19:00,22.9075,40.6175
2024-07-18 22:34:00,22.53,42.44
2024-07-18 22:49:00,22.525,41.34
2024-07-18 23:04:00,22.1075,46.5325
2024-07-18 23:19:00,21.9925,42.1325
2024-07-18 23:34:00,21.7125,43.78
2024-07-18 23:49:00,21.205,46.7875
2024-07-19 00:04:00,20.9375,46.8325
2024-07-19 00:19:00,20.6675,51.825
2024-07-19 00:34:00,20.415,52.68
2024-07-19 00:49:00,20.165,53.925
2024-07-19 01:04:00,19.8125,55.995
2024-07-19 01:19:00,19.435,56.6975
2024-07-19 01:34:00,19.1875,58.3575
2024-07-19 01:49:00,19.1,59.1375
2024-07-19 02:04:00,18.85,60.685
2024-07-19 02:19:00,18.6275,61.3925
2024-07-19 02:34:00,18.46,62.365
2024-07-19 02:49:00,18.4175,63.175
2024-07-19 03:04:00,18.37,63.015
2024-07-19 03:19:00,18.49,59.85
2024-07-19 03:34:00,18.22,61.5225
2024-07-19 03:49:00,18.13,62.5125
2024-07-19 04:04:00,18.0,62.545
2024-07-19 04:19:00,17.785,63.9875
2024-07-19 04:34:00,17.76,64.1575
2024-07-19 04:49:00,17.74,63.6225
2024-07-19 05:04:00,17.575,64.0475
2024-07-19 05:19:00,17.5075,65.07
2024-07-19 05:34:00,17.525,64.6425
2024-07-19 05:49:00,17.45,65.31
2024-07-19 06:04:00,16.96,69.4375
2024-07-19 06:19:00,16.765,68.6275
2024-07-19 06:34:00,16.82,67.9675
2024-07-19 06:49:00,16.9875,67.895
2024-07-19 07:04:00,17.355,66.6725
2024-07-19 07:19:00,17.9975,64.2975
2024-07-19 07:34:00,18.6675,61.83
2024-07-19 07:49:00,20.5475,56.9825
2024-07-19 08:04:00,21.92,51.805
2024-07-19 08:19:00,22.3575,50.57
2024-07-19 08:34:00,23.395,48.28
2024-07-19 08:49:00,24.42,46.9725
2024-07-19 09:04:00,24.645,46.8125
